,idSite,accessLevel,owner,is_admin,name,identifier,idUser,pvMax,timezone,phonenumber,notes,geofence,geofenceEnabled,realtimeUpdates,hasMains,hasGenerator,noDataAlarmTimeout,alarmMonitoring,invalidVRMAuthTokenUsedInLogRequest,syscreated,grafanaEnabled,shared,device_icon,datesubmited
0,6354,0,True,False,"AB0001_SW_Access Bank Surulere, Lagos",6ceceb7dd5a3,19965,25182,Africa/Lagos,,"<p>Panels: 84</p>

<p>ACs: &nbsp; &nbsp; 28.5Hp</p>

<p>Gen Size: 45kVa</p>
",,False,True,0,1,,1,0,1460907933,0,False,generator,
1,130450,1,True,True,"AB0003_SS_Access Bank Warri-Sapele Road, Warri, Delta",985dad3ecc49,19965,0,UTC,08182674454,,,False,True,0,0,,1,0,1632918433,0,False,solar,
2,117886,1,True,True,"AB0004_SS_ Access Bank Udu Road, Warri, Delta",507224b74abe,19965,0,UTC,09124633587,,,False,True,0,0,,1,0,1625930941,0,False,generator,
3,127354,1,True,True,AB0005_SW_Access bank Ajao Estate,507224b272fa,19965,0,UTC,,,,False,True,1,1,,1,0,1631202639,0,False,generator,
4,120436,1,True,True,AB0008_SS_Access bank East west road PH,0479b7ec3087,19965,0,UTC,,,,False,True,0,0,,1,0,1627221518,0,False,generator,
5,112049,1,True,True,AB0009_SW_Access Bank Badagry,507224b2920c,19965,0,Africa/Lagos,09122544501,,,True,True,1,1,,1,0,1622977761,0,False,generator,
6,108742,1,True,True,"AB0012_SE_Access bank Wetheral,Imo state",507224b286f4,19965,0,UTC,08061424984,,,False,True,1,1,,1,0,1621104641,0,False,solar,
7,114389,1,True,True,"AB0013_SW_ACCESS BANK OTA, OGUN STATE",507224b29209,19965,0,UTC,09137363708,,,False,True,1,1,,1,0,1624175786,0,False,generator,
8,116713,1,True,True,AB0014_SW_Access Bank Ile Ife,0479b7ecfabc,19965,0,UTC,09124257112,,,False,True,0,0,,1,0,1625311790,0,False,grid,
9,125400,0,True,False,"Access bank Seme border, AB0002",3ca30856d742,19965,0,UTC,,,,False,True,0,0,,1,0,1630061767,0,False,battery,
10,11878,0,True,False,"AD0001_SW_Oando Orile, Lagos",a0f6fd5aa8c3,19965,0,Africa/Lagos,,,,False,True,0,0,,1,0,1493118470,0,False,battery,
11,19357,0,True,False,"AD0002_SW_Oando Ijora, Lagos",985dadcb4c0e,19965,0,Africa/Lagos,,,,False,True,1,1,,1,0,1522695865,0,False,battery,
12,19384,0,True,False,"AD0003_SW_Oando Igbobi, Fadeyi, Lagos",985dadcb0fe2,19965,0,Africa/Lagos,,,,False,True,1,1,,1,0,1522782632,0,False,battery,
13,18945,0,True,False,"AD0004_SW_Oando Tradefair, Badagry Expressway, Lagos",9884e3b31af8,19965,0,Africa/Lagos,,,,False,True,1,1,,1,0,1521043036,0,False,solar,
14,19418,1,True,True,"AD0005_SW_Oando Awolowo Road 1, Ikoyi, Lagos",9884e3b396ec,19965,0,Africa/Lagos,,,,False,True,1,1,,1,0,1522881824,0,False,battery,
15,19379,1,True,True,"AD0006_SW_Oando Alapere, Lagos",9884e3b32b88,19965,0,Africa/Lagos,,,,False,True,1,1,,1,0,1522766617,0,False,solar,
16,31307,1,True,True,"AD0009_NC_Oando Herbert Macaulay Way, Abuja, FCT",985dadcabda7,19965,0,UTC,,,,False,True,1,1,,1,0,1548963657,0,False,solar,
17,21109,0,True,False,"AD0010_NW_Oando Junction Road, Kaduna",985dadcaf3b4,19965,0,UTC,,,,False,True,0,0,,1,0,1527236394,0,False,battery,
18,58794,0,True,False,"AD0011_NC_Oando Abacha Road, Nassarawa",0479b7f1e144,19965,0,UTC,,,,False,True,1,1,,1,0,1587923464,0,False,battery,
19,31949,0,True,False,"AD0011_NC_Oando Abacha Road, Nassarawa (Old)",985dadcaee06,19965,0,UTC,,,,False,True,1,1,,1,0,1550426834,0,False,solar,
20,31943,0,True,False,"AD0012_NC_Oando Garki, Abuja, FCT",508cb1e365d8,19965,0,UTC,,,,False,True,1,1,,1,0,1550412779,0,False,solar,
21,32336,0,True,False,"AD0013_NC_Oando Kashim Ibrahim Way, Makurdi, Benue",9884e3b382e2,19965,0,UTC,,,,False,True,1,1,,1,0,1551085335,0,False,solar,
22,32229,0,True,False,"AD0015_NW_Oando Club Road, Kano",508cb1e37c50,19965,0,UTC,,,,False,True,0,0,,1,0,1550814251,0,False,battery,
23,32231,0,True,False,"AD0016_NW_Oando Challawa, Kano",9884e3aed7f9,19965,0,UTC,,,,False,True,1,1,,1,0,1550815704,0,False,battery,
24,33290,0,True,False,"AD0017_SW_Oando Isheri Road, Lagos",38d2692bc6a1,19965,0,Africa/Lagos,,,,False,True,1,1,,1,0,1552586462,0,False,solar,
25,31381,0,True,False,"AD0020_SW_Oando Secretariat Alausa, Oregun, Lagos",985dadcb84ec,19965,0,UTC,,,,False,True,1,1,,1,0,1549205704,0,False,solar,
26,32743,0,True,False,"AD0021_SW_Oando Fola Agoro, Igbobi, Lagos",985dadcaca09,19965,0,UTC,,,,False,True,1,1,,1,0,1551786685,0,False,battery,
27,32492,0,True,False,"AD0022_NC_Oando Gwarimpa, Abuja, FCT",9884e3b3f8e9,19965,0,UTC,,,,False,True,1,1,,1,0,1551280020,0,False,solar,
28,34460,0,True,False,"AD0023_NC_Oando Jabi, Abuja, FCT",985dadcb90cd,19965,0,UTC,,,,False,True,0,0,,1,0,1554749911,0,False,solar,
29,32420,0,True,False,"AD0024_SS_Oando Transamadi, Port Harcourt, Rivers",985dadcb7f9d,19965,0,Africa/Lagos,,,,False,True,0,1,,1,0,1551198826,0,False,battery,
30,32572,0,True,False,"AD0028_SE_Oando Assumpta, Owerri, Imo",9884e3aeeba2,19965,0,Africa/Lagos,,,,False,True,1,1,,1,0,1551379544,0,False,battery,
31,67503,1,True,True,"AR0001_SE_Ardova Plc Ogui Road, Enugu",0479b7f1dba1,19965,0,UTC,07067866538,,,False,True,0,0,,1,0,1596302093,0,False,battery,
32,61718,1,True,True,"AR0002_SW_Ardova Oniru, Victoria Island, Lagos",0479b7f1c7be,19965,0,Africa/Lagos,08094902334,,,False,True,0,0,,1,0,1591282975,0,False,grid,
33,64030,1,True,True,"AR0004_NC_Ardova Garki, Abuja, FCT",0479b7a3ae9c,19965,0,UTC,,,,False,True,0,0,,1,0,1593450113,0,False,solar,
34,74102,1,True,True,"AR0005_NW_Ardova Refinery Junction, Sabon Gari,  Kaduna",0479b7a3b2a7,19965,0,UTC,,,,False,True,0,0,,1,0,1601751862,0,False,solar,
35,72758,0,True,False,"AR0006_SW_Ardova Oba Akran, Ikeja, Lagos",0479b7f1fd94,19965,0,UTC,,,,False,True,0,0,,1,0,1600775883,0,False,battery,
36,71339,1,True,True,"AR0007_SW_Ardova Ogba, Lagos",0479b7a38796,19965,0,UTC,08028226713,,,False,True,0,0,,1,0,1599568786,0,False,battery,
37,61785,1,True,True,"AR0008_SW_Ardova Awolowo Road, Ikoyi, Lagos",4c3fd33d298d,19965,0,Africa/Lagos,,,,False,True,0,0,,1,0,1591354194,0,False,battery,
38,61283,0,True,False,"AR0009_SW_Ardova Shomolu, Lagos",0479b7a3e44e,19965,0,Africa/Lagos,08148630977,,,True,True,0,0,,1,0,1590860727,0,False,battery,
39,61498,1,True,True,"AR0010_SW_Ardova Unilag, Lagos",0479b7f1f0ad,19965,0,UTC,07044463744,,,False,True,0,0,,1,0,1591117210,0,False,battery,
40,72063,0,True,False,"AR0011_SS_Ardova Eliozu, Port Harcourt, Rivers",64cfd9907b00,19965,0,UTC,08125477691,,,False,True,0,0,,1,0,1600192929,0,False,battery,
41,68615,0,True,False,"AR0012_SS_Ardova Rumuibekwe, Rivers",0479b7ef79d7,19965,0,UTC,08133982673,,,False,True,0,0,,1,0,1597266450,0,False,generator,
42,60501,0,True,False,"CSR001_SW_Ikole General Hospital, Ikole, Ekiti",4c3fd33ecdb7,19965,0,Africa/Lagos,,,,False,True,0,0,,1,0,1590008229,0,False,battery,
43,54546,0,True,False,"DJ0001_SW_Daraju Mushin, Lagos",508cb1caec34,19965,0,Africa/Lagos,,,,False,True,1,0,1500.0,2,0,1582721786,0,False,solar,
44,61202,0,True,False,"EB0001_SW_Ecobank Crawford University, Ogun",0479b7ec4ce3,19965,0,UTC,07046182065,,,False,True,1,1,,1,0,1590759290,0,False,battery,
45,97075,1,True,True,EB0002_SW_Ecobank ketu,0479b7ecacdd,19965,0,UTC,,,,False,True,1,1,,1,0,1614264342,0,False,generator,
46,56735,0,True,False,"EB0003_SS_Ecobank Mary Slessor Avenue, Calabar, Cross River",506583647bb1,19965,0,UTC,,,,False,True,1,1,,1,0,1584967915,0,False,battery,
47,56621,0,True,False,"EB0004_SW_Ecobank New Court Road, Ogunpa, Ibadan, Oyo",508cb1cbd722,19965,0,Africa/Lagos,,,,False,True,0,0,,1,0,1584795999,0,False,generator,
48,56425,1,True,True,"EB0005_SS_Ecobank Nzebor Street, Kwale, Delta",f45eabf6957a,19965,0,Africa/Lagos,,,,False,True,0,0,,1,0,1584615780,0,False,solar,
49,59339,0,True,False,"EB0006_SW_Eco Bank Matori-Ladipo, Mushin, Lagos",f45eab6a2348,19965,0,Africa/Lagos,,,,False,True,1,1,,1,0,1588682131,0,False,grid,
50,56061,0,True,False,"EB0008_SW_Ecobank Ikotun Egbe, Lagos",508cb1cb916e,19965,0,Africa/Lagos,,,,False,True,1,1,,1,0,1584203371,0,False,grid,
51,63122,0,True,False,"EB0009_SW_Ecobank Trinity, Apapa-Oshodi, Lagos",7c38665b0f67,19965,0,UTC,,,,True,True,1,1,,1,0,1592570678,0,False,generator,
52,56048,1,True,True,"EB0010_SE_Ecobank Wetheral Road, Owerri, Imo",f45eabf73bb3,19965,0,UTC,,,,False,True,0,0,,1,0,1584190609,0,False,battery,
53,56178,0,True,False,"EB0011_SE_Ecobank Douglas Road, Owerri, Imo",507224b29655,19965,0,UTC,,,,False,True,0,0,,1,0,1584379331,0,False,generator,
54,60498,1,True,True,"EB0012_SS_Ecobank Hospital Road, Ogoja, Cross River",64cfd99076b9,19965,0,Africa/Lagos,07042932647,,,True,True,1,1,,1,0,1590001325,0,False,solar,
55,60193,0,True,False,"EB0013_SS_Ecobank Etta Agbor Road, Calabar, Cross River",f45eab696f02,19965,0,Africa/Lagos,08094902340,,,False,True,0,0,,1,0,1589718538,0,False,generator,
56,62841,1,True,True,"EB0014_SS_Ecobank Old GRA, Aba, Abia",f45eabf8b552,19965,0,Africa/Lagos,07041416725,,,False,True,1,1,,1,0,1592388105,0,False,generator,
57,57148,1,True,True,"EB0015_SE_Ecobank Okigwe Road 2, Owerri, Imo",f45eabf70e8d,19965,0,UTC,,,,False,True,1,1,,1,0,1585328387,0,False,generator,
58,56068,1,True,True,"EB0016_SW_Ecobank 21 Road, Festac, Lagos",f45eab69e5e1,19965,0,Africa/Lagos,08036545202,,,False,True,0,0,,1,0,1584208057,0,False,solar,
59,60369,0,True,False,"EB0017_SS_Ecobank Ikom 2, Calabar, Cross River",50658363dd46,19965,0,Africa/Lagos,07042932167,,,False,True,0,0,,1,0,1589892538,0,False,battery,
60,56052,0,True,False,"EB0018_SW_Ecobank Ojo Cantonement, Ojo, Lagos",f45eab6a2309,19965,0,UTC,07034859738,,,False,True,0,0,,1,0,1584194536,0,False,solar,
61,56448,0,True,False,"EB0019_SS_ Ecobank Obiaruku, Delta",f45eab698e42,19965,0,UTC,07064352366,,,False,True,0,0,,1,0,1584628490,0,False,solar,
62,59999,0,True,False,"EB0020_SW_Ecobank Egbeda-Idimu Road, Egbeda, Lagos",50658363c4bb,19965,0,UTC,07056509058,,,False,True,0,0,,1,0,1589459471,0,False,battery,
63,57237,0,True,False,"EB0021_NC_Ecobank Bosso Road, Minna, Niger",f45eab6a1e07,19965,0,UTC,,,,False,True,0,0,,1,0,1585484686,0,False,generator,
64,62479,0,True,False,"EB0022_SS_Ecobank Port Harcourt, Trans-Amadi Industrial Layout, Rivers",0479b7ec5592,19965,0,Africa/Lagos,07040752998,,,False,True,0,0,,1,0,1591975851,0,False,generator,
65,61297,0,True,False,"EB0023_SW_Ecobank Seme Border 2, Lagos",f45eabf9d067,19965,0,UTC,07040284079,,,False,True,1,1,,1,0,1590904957,0,False,battery,
66,61191,0,True,False,"EB0024_SW_Ecobank Western Avenue, Ojuelegba, Surulere, Lagos",508cb1e4f463,19965,0,Africa/Lagos,,,,False,True,0,0,,1,0,1590756135,0,False,battery,
67,61500,0,True,False,"EB0025_SS_Ecobank Olu Obasanjo Road, Port Harcourt, Rivers",4c3fd33ee320,19965,0,Africa/Lagos,07041837686,,,False,True,1,1,,1,0,1591118235,0,False,generator,
68,56682,1,True,True,"EB0026_SW_Ecobank Iyana Ipaja, Lagos",f45eab6af85d,19965,0,Africa/Lagos,09046909939,,,False,True,1,1,,1,0,1584897748,0,False,solar,
69,61199,1,True,True,"EB0027_NC_Ecobank Jabi Abuja, FCT",f45eabf9668c,19965,0,UTC,,,,False,True,0,0,,1,0,1590757567,0,False,generator,
70,60154,0,True,False,"EB0028_SW_Ecobank Isolo-Ilasamaja, Ilasamaja, Lagos",507224b12d75,19965,0,UTC,07042534288,,,False,True,1,1,,1,0,1589631360,0,False,battery,
71,59758,0,True,False,"EB0029_SS_Ecobank Oron Road, Uyo, Akwa Ibom",0479b7f274d4,19965,0,Africa/Lagos,,,,False,True,0,0,,1,0,1589214546,0,False,solar,
72,64492,1,True,True,"EB0030_SW_Ecobank Abeokuta, Ogun",4c3fd33ebbb1,19965,0,UTC,,,,False,True,1,1,,1,0,1593776159,0,False,battery,
73,61268,0,True,False,"EB0031_SS_Ecobank Trans-Amadi 2, Port Harcourt, Rivers",7c669d59c6ba,19965,0,Africa/Lagos,07041119503,,,True,True,1,1,,1,0,1590848441,0,False,generator,
74,60586,0,True,False,"EB0032_SW_Ecobank Agege-Iju Road, Agege, Lagos",0479b7a37e5d,19965,0,Africa/Lagos,08038646466,,,False,True,1,1,,1,0,1590078141,0,False,battery,
75,60823,0,True,False,"EB0033_SW_Ecobank Abesan-Alimosho, Lagos",0479b7a3c420,19965,0,UTC,070444685269,,,False,True,1,1,,1,0,1590408309,0,False,generator,
76,66070,0,True,False,EB0034_SS_Ecobank Circular RD PH,4c3fd33ee7d0,19965,0,UTC,08094902343,,,False,True,0,0,,1,0,1595146810,0,False,generator,
77,59422,1,True,True,"EB0035_SW_Ecobank Fadu Ejigbo, Ejigbo, Lagos",4c3fd33ebf86,19965,0,Africa/Lagos,09071054696,,,False,True,1,1,,1,0,1588772032,0,False,generator,
78,61247,0,True,False,"EB0036_SS_Ecobank Rumuola Road, Port Harcourt, Rivers",4c3fd33edb61,19965,0,Africa/Lagos,07045178853,,,False,True,0,0,,1,0,1590833618,0,False,battery,
79,66823,1,True,True,EB0037_SS_Ecobank Government House Awka,4c3fd33eb665,19965,0,UTC,08067452094,,,False,True,0,0,,1,0,1595776227,0,False,grid,
80,62895,0,True,False,"EB0038_SW_Ecobank Allen Avenue 3, Ikeja, Lagos",4c3fd33e7cc6,19965,0,Africa/Lagos,,,,False,True,0,0,,1,0,1592404087,0,False,solar,
81,61885,0,True,False,"EB0039_SS_Ecobank Yenagoa Main, Bayelsa",507224b1766c,19965,0,Africa/Lagos,07045202695,,,False,True,0,0,,1,0,1591443230,0,False,generator,
82,59848,1,True,True,"EB0040_SS_Ecobank Aka Road, Uyo, Akwa Ibom",0479b7f218ee,19965,0,Africa/Lagos,09045646033,,,False,True,0,0,,1,0,1589300161,0,False,battery,
83,64967,0,True,False,"EB0041_NC_Ecobank Hebert Macaulay Way, Zone 6, Abuja, FCT",0479b7ef79e3,19965,0,UTC,,,,False,True,0,0,,1,0,1594212052,0,False,generator,
84,59572,1,True,True,"EB0042_SE_Ecobank Okpara Avenue 2, Enugu",4c3fd33ecd8a,19965,0,UTC,,,,False,True,0,0,,1,0,1588932574,0,False,generator,
85,62765,1,True,True,"EB0043_SS_Ecobank Ekeoha, Aba, Abia",1cba8cda7ff5,19965,0,Africa/Lagos,07040620558,,,False,True,1,1,,1,0,1592317453,0,False,battery,
86,63887,1,True,True,"EB0044_SE_Ecobank Anambra State University, Uli, Anambra",4c3fd33ee794,19965,0,Africa/Lagos,07042505065,,,False,True,0,0,,1,0,1593279871,0,False,battery,
87,61504,1,True,True,"EB0045_SS_Ecobank Nnamdi Azikwe Road, Port Harcourt, Rivers",0479b7f247f8,19965,0,Africa/Lagos,08094902341,,,False,True,0,0,,1,0,1591120710,0,False,generator,
88,61940,1,True,True,"EB0046_SS_Ecobank Effurun, Warri, Delta",0479b7f1f65f,19965,0,Africa/Lagos,07041416725,,,False,True,1,1,,1,0,1591543955,0,False,battery,
89,61662,1,True,True,"EB0047_SS_Ecobank Sani Abacha Way, Yenagoa , Bayelsa",507224b28cae,19965,0,Africa/Lagos,07040804886,,,True,True,0,0,,1,0,1591260636,0,False,generator,
90,61281,0,True,False,"EB0048_NW_Ecobank Kaduna Road, Zaria, Kaduna",0479b7ef811e,19965,0,UTC,,,,False,True,1,1,,1,0,1590858568,0,False,battery,
91,61146,1,True,True,"EB0049_SS_Ecobank  Aba Road 2, Port Harcourt, Rivers",0479b7f1ea9e,19965,0,Africa/Lagos,09013495597,,,False,True,1,1,,1,0,1590735574,0,False,battery,
92,59718,0,True,False,"EB0050_SW_Eco Bank Ikeja-Ogba, Ogba, Lagos",0479b7ef71b5,19965,0,Africa/Lagos,,,,False,True,0,0,,1,0,1589187464,0,False,grid,
93,59594,0,True,False,"EB0051_SW_Ecobank Adeola Odeku, Victoria Island, Lagos",4c3fd33ed363,19965,0,Africa/Lagos,09046972304,,,False,True,0,0,,1,0,1588946855,0,False,generator,
94,87407,1,True,True,EB0052_NC_Asokoro Yakubu Gowan Abuja,1cba8c9e4e3a,19965,0,UTC,,,,False,True,0,0,,1,0,1606737978,0,False,generator,
95,92890,1,True,True,EB0053_NC_WUSE2 ABUJA,64cfd9908cfa,19965,0,UTC,,,,False,True,0,0,,1,0,1611508184,0,False,generator,
96,77410,0,True,False,"EB0054_SS_Ecobank Warri-Sapele Road, Warri, Delta",7c669d541553,19965,0,UTC,,,,False,True,0,0,,1,0,1604489543,0,False,battery,
97,78569,0,True,False,"EB0057_SS_Ecobank  Effurun-Sapele Road, Warri, Delta",7c669d53fd67,19965,0,UTC,09079814147,,,False,True,0,0,,1,0,1605498748,0,False,generator,
98,92828,1,True,True,EB0058_SW_Ecobank Ilupeju,1cba8ce0de11,19965,0,UTC,08094902327,,,False,True,0,0,,1,0,1611412958,0,False,generator,
99,77157,1,True,True,"EB0060_SW_Ecobank Ejigbo, Lagos",c4f31281ea38,19965,0,Africa/Lagos,07089231845,,,False,True,0,0,,1,0,1604311329,0,False,battery,
100,77887,0,True,False,"EB0062_SW_Warehouse Road 3, Apapa, Lagos",c4f312819d79,19965,0,Africa/Lagos,07089622210,,,False,True,1,1,,1,0,1604923347,0,False,grid,
101,79363,1,True,True,"EB0064_SE_Ecobank Ogoja Road, Abakaliki, Ebonyi",c4f31281f8d2,19965,0,Africa/Lagos,,,,True,True,0,0,,1,0,1606126993,0,False,generator,
102,77064,1,True,True,"EB0066_NW_Eco Bank Hotoro, Kano",1cba8c98f0c7,19965,0,UTC,,,,False,True,0,0,,1,0,1604173653,0,False,battery,
103,79378,1,True,True,"EB0067_SW_Ecobank Awolowo Road 2, Ikoyi, Lagos",d0ff5039bd8c,19965,0,UTC,09135206294,,,False,True,1,1,,1,0,1606130679,0,False,solar,
104,77751,1,True,True,EB0068_SW_Ecobank VI Ajose Adeogun,7c669d4e0d8b,19965,0,UTC,08097908159,,,False,True,0,0,,1,0,1604750294,0,False,solar,
105,87546,1,True,True,"EB0069_NC_ Abuja-Keffi Road, Mararaba, Nasarawa",d0ff50efb0f4,19965,0,UTC,,,,False,True,1,1,,1,0,1606827462,0,False,generator,
106,79257,0,True,False,"EB0071_SW_Ecobank Bishop Aboyade Cole, Victoria Island, Lagos",0479b7ed2003,19965,0,Africa/Lagos,09045531589,,,False,True,0,0,,1,0,1605968105,0,False,battery,
107,77581,0,True,False,"EB0072_SW_EcoBank Awolowo Road  3. Ikoyi, Lagos",1cba8ce24636,19965,0,Africa/Lagos,,,"{""type"":""rectangle"",""coords"":{""northeast"":{""lat"":6.442800182444069,""lng"":3.418786518690866},""southwest"":{""lat"":6.441662111225308,""lng"":3.4173515368678986}}}",True,True,1,1,,1,0,1604590488,0,False,solar,
108,74819,1,True,True,"EB0073_SW_Ecobank Ado Badore Road, Ajah, Lagos",d0ff505d1cb2,19965,0,UTC,08097908046,,,False,True,1,1,,1,0,1602338256,0,False,solar,
109,76564,1,True,True,"EB0075_SW_Ecobank Oke-Afa Road, Isolo, Lagos",7c669d53f76e,19965,0,Africa/Lagos,08087274414,,,True,True,0,0,,1,0,1603809819,0,False,generator,
110,76576,0,True,False,"EB0076_SW_Ecobank Airport Road, Ajao Estate, Lagos",1cba8cd8ed7a,19965,0,Africa/Lagos,,,,True,True,0,0,,1,0,1603815668,0,False,grid,
111,77111,0,True,False,"EB0077_SW_Ecobank Ijaiye, Lagos",1cba8cd60492,19965,0,Africa/Lagos,,,,True,True,0,0,,1,0,1604248787,0,False,battery,
112,74865,1,True,True,"EB0078_SW_Ecobank Adeniyi Jones, Aromire, Ikeja, Lagos",1cba8cd93666,19965,0,UTC,08094902322,,,False,True,1,1,,1,0,1602430894,0,False,battery,
113,73331,1,True,True,"EB0079_SW_Ecobank Ajao Estate, Lagos",d0ff50efaaf5,19965,0,Africa/Lagos,08094902336,,,False,True,0,0,,1,0,1601213701,0,False,solar,
114,74828,1,True,True,"EB0080_SW_Ecobank Okota Road 2, Isolo, Lagos",7c669d4e0f24,19965,0,Africa/Lagos,09045625437,,,True,True,1,1,,1,0,1602346143,0,False,grid,
115,74938,0,True,False,"EB0081_SW_Ecobank Oregun 2, Ikeja, Lagos",c4f31281ea1d,19965,0,Africa/Lagos,,,,False,True,1,1,,1,0,1602512128,0,False,generator,
116,77795,0,True,False,"EB0084_SW_ EcoBank Orile, Lagos",d0ff50eac580,19965,0,UTC,,,,False,True,1,1,,1,0,1604837158,0,False,battery,
117,73248,1,True,True,"EB0085_SW_Ecobank Hebert Macaulay, Sabo Yaba, Lagos",4c3fd33eef8c,19965,0,Africa/Lagos,07048863189,,,True,True,1,1,,1,0,1601112692,0,False,battery,
118,77845,1,True,True,"EB0087_SE_Ecobank Williams Street, New Market Road, Onitsha, Anambra",d0ff5055d90f,19965,0,UTC,,,,False,True,0,0,,1,0,1604907462,0,False,generator,
119,93724,1,True,True,"EB0088_SE_Ecobank Ogui road, Enugu State",1cba8cdc9a10,19965,0,UTC,,,,False,True,0,0,,1,0,1611934503,0,False,generator,
120,77921,1,True,True,"EB0089_SE_Ecobank Nkwo Market Road, Nnewi, Anambra",1cba8cf6b9f5,19965,0,Africa/Lagos,,,"{""type"":""rectangle"",""coords"":{""northeast"":{""lat"":6.177086804574054,""lng"":6.807406836276817},""southwest"":{""lat"":6.129298530638703,""lng"":6.755221777683067}}}",True,True,0,0,,1,0,1604936152,0,False,grid,
121,90619,0,True,False,EB0090_SS_Ecobank iweka Road Onitsha Anambra state,d0ff50ea2688,19965,0,UTC,,,,False,True,0,0,,1,0,1609336359,0,False,battery,
122,75452,0,True,False,EB0091_SS_Ecobank PH-Uniport,c4f312819d31,19965,0,UTC,09130101728,,,False,True,1,1,,1,0,1602844817,0,False,generator,
123,77747,0,True,False,"EB0093_SS_Ecobank Deco Road, Warri, Delta",d0ff5039c7c5,19965,0,UTC,09025673919,,,False,True,0,0,,1,0,1604747397,0,False,generator,
124,79306,1,True,True,"EB0094_SS_Ecobank Anwai Dual Carriage Way, Asaba, Delta",7c669d597e11,19965,0,Africa/Lagos,09076179805,,,False,True,0,0,,1,0,1606051460,0,False,solar,
125,79421,1,True,True,"EB0095_SS_Ecobank Asaba 1, Delta",d0ff50eaae40,19965,0,Africa/Lagos,09131182289,,,True,True,1,1,,1,0,1606143684,0,False,solar,
126,78219,0,True,False,"EB0096_SS_Ecobank Sapele Road, Benin, Edo",7c669d464feb,19965,0,UTC,,,,False,True,0,0,,1,0,1605173491,0,False,battery,
127,75616,1,True,True,"EB0097_NC_Ecobank MM Way Ilorin, Kwara",0479b7ef69c9,19965,0,UTC,,,,False,True,0,0,,1,0,1603018111,0,False,grid,
128,126483,1,True,True,"EB0098_SW_Ecobank Ajayi Crowther University, Ogbomosho, Oyo",0479b7eceb11,19965,0,UTC,07083813613,,,False,True,0,0,,1,0,1630673075,0,False,solar,
129,86831,1,True,True,"EB0099_NC_Nyanya, Abuja, FCT",d0ff5039cc28,19965,0,UTC,,,,False,True,1,1,,1,0,1606301483,0,False,battery,
130,92758,1,True,True,EB0100_NC_GARKI 2 ABUJA,1cba8cf6c8fb,19965,0,UTC,,,,False,True,1,1,,1,0,1611344166,0,False,solar,
131,75740,1,True,True,"EB0101_NC_Dei Dei, Abuja, FCT",d0ff5039d4f8,19965,0,UTC,,,,False,True,1,1,,1,0,1603114417,0,False,battery,
132,78862,1,True,True,"EB0102_NE_Ecobank Commercial Road, Bauchi",1cba8ce25052,19965,0,UTC,,,,False,True,0,0,,1,0,1605697037,0,False,battery,
133,77924,1,True,True,EB0103_NE_Ecobank Biu Road_Gombe,7c669d48d235,19965,0,UTC,,,,False,True,1,1,,1,0,1604937233,0,False,battery,
134,77462,1,True,True,"EB0104_NE_Ecobank Damaturu Market, Damaturu, Yobe",7c669d48ca48,19965,0,UTC,,,,False,True,0,0,,1,0,1604505100,0,False,battery,
135,78552,1,True,True,"EB0105_NW_Ecobank Ahmadu Bello Way, Kaduna",c4f31281f89c,19965,0,UTC,,,,False,True,0,0,,2,0,1605473948,0,False,battery,
136,77749,1,True,True,"EB0106_NW_Ecobank Sani Abacha Dutse, Jigawa",1cba8ce0988b,19965,0,UTC,,,,False,True,0,0,,1,0,1604750003,0,False,battery,
137,79153,1,True,True,"EB0107_NW_Ecobank Sokoto Main, Kano Road, Sokoto",1cba8ce0c7a7,19965,0,UTC,,,,False,True,0,0,,1,0,1605879482,0,False,solar,
138,99283,1,True,True,"EB0108_NW_Ecobank Katsina Inn IBB Road, Katsina",1cba8cd5cbc4,19965,0,UTC,,,,False,True,0,0,,1,0,1615717702,0,False,battery,
139,101316,0,True,False,EB0109_Ahmedu Belo Way Jos,d0ff50ea62cd,19965,0,UTC,07064352366,,,False,True,0,0,,1,0,1616773411,0,False,battery,
140,78885,1,True,True,EB0110_NC_Old Otukpo Road Makurdi Benue,c4f312819d2e,19965,0,UTC,07064352366,,,False,True,1,1,,1,0,1605703572,0,False,battery,
141,99311,1,True,True,EB0111_NC_IBB way Lokoja,1cba8ce33881,19965,0,UTC,,,,False,True,1,1,,1,0,1615740543,0,False,battery,
142,106070,1,True,True,EB0112_NC_AREA8 GARKI,507224b15aaf,19965,0,UTC,,,,False,True,0,0,,1,0,1619550669,0,False,battery,
143,112017,1,True,True,EB0113_NC_MAITAMA ABUJA,507224b7414c,19965,0,UTC,,,,False,True,0,0,,1,0,1622922890,0,False,battery,
144,100357,1,True,True,EB0114_NC_Ecobank Gwarimpa Abuja,0479b7ecf32d,19965,0,UTC,08026770559,,,False,True,0,0,,1,0,1616248464,0,False,solar,
145,102443,1,True,True,EB0115_NC_Gado Nasco Abuja,1862e4806378,19965,0,UTC,,,,False,True,0,0,,1,0,1617451742,0,False,solar,
146,108967,1,True,True,EB0119_NC_Lafia Nassarawa State,507224b2836a,19965,0,UTC,08026770559,,,False,True,0,0,,1,0,1621270125,0,False,solar,
147,106242,1,True,True,EB0120_NC_Nassarawa State University,507224b28697,19965,0,UTC,,,,False,True,1,1,,1,0,1619622519,0,False,generator,
148,112811,1,True,True,"EB0121_NC_Ecobank, JS Tarka Way, Gboko",507224b28cf6,19965,0,UTC,07064352366,,,False,True,0,0,,1,0,1623337210,0,False,generator,
149,99648,1,True,True,EB0122_NE_Ecobank Kashim Ibrahim 1_Maiduguri,507224b286a3,19965,0,UTC,+2348036448315,,,False,True,0,0,,1,0,1615908803,0,False,battery,
150,99148,1,True,True,EB0123_NE_Ecobank Kashim Ibrahim 2_Maiduguri,0479b7ed145a,19965,0,UTC,+2348036448315,,,False,True,0,0,,1,0,1615567463,0,False,battery,
151,102715,1,True,True,"EB0124_NE_Ecobank Jimeta Branch, Yola Adamawa",507224b2926c,19965,0,UTC,+2348036448315,,,False,True,1,1,,1,0,1617712305,0,False,battery,
152,103847,1,True,True,"EB0125_NE_Ecobank Jalingo Branch, Taraba",507224b166f4,19965,0,UTC,+2348036448315,,,False,True,0,0,,1,0,1618324352,0,False,battery,
153,99897,1,True,True,EB0126_NE_Ecobank Deribe Maiduguri,0479b7ece4e1,19965,0,UTC,+2348036448315,,,False,True,0,0,,1,0,1616007622,0,False,generator,
154,97501,1,True,True,"EB0127_NW_Ecobank Kachia Road, Kaduna",507224b27952,19965,0,UTC,,,,False,True,0,0,,1,0,1614618689,0,False,battery,
155,101036,1,True,True,EB0128_NW_Ecobank Kofar Ruwa Road Kano,0479b7ecacd7,19965,0,UTC,,,,False,True,0,0,,1,0,1616662782,0,False,generator,
156,98094,1,True,True,"EB0129_NW_Ecobank Ibrahim Taiwo, Kaduna",0479b7ed0020,19965,0,UTC,,,,False,True,0,0,,1,0,1614958307,0,False,generator,
157,97608,1,True,True,EB0131_NW_Ecobank France Road Kano,507224b29e37,19965,0,UTC,+2348036448315,,,False,True,1,1,,1,0,1614694386,0,False,generator,
158,100362,1,True,True,EB0132_SE_ECOBANK NKPOR,1cba8ce26649,19965,0,UTC,,,,False,True,0,0,,1,0,1616250231,0,False,battery,
159,105893,1,True,True,"EB0133_SW_EB IKORODU, LAGOS",507224b29272,19965,0,Africa/Lagos,,,,True,True,1,1,,1,0,1619450185,0,False,battery,
160,101144,1,True,True,EB0134_SS_Ecobank Udu Road,d05fb8ef9c40,19965,0,UTC,,,,False,True,0,0,,1,0,1616689772,0,False,generator,
161,92884,1,True,True,EB0135_SW_Ecobank Ijigbo Ekiti,507224b2a188,19965,0,Africa/Lagos,09042931751,,,True,True,0,0,,1,0,1611499953,0,False,battery,
162,107804,1,True,True,EB0136_SW_ECOBANK IBADAN CHALLENGE,507224b75571,19965,0,Africa/Lagos,,,"{""type"":""rectangle"",""coords"":{""northeast"":{""lat"":7.356372944497168,""lng"":3.9114762330798136},""southwest"":{""lat"":7.305976556684898,""lng"":3.8539696718005167}}}",False,True,0,0,,1,0,1620581163,0,False,battery,
163,100253,1,True,True,EB0137_NC_Ecobank Wuse Zone 4 Abuja,0479b7ec3e73,19965,0,UTC,08026770559,,,False,True,0,0,,1,0,1616168104,0,False,generator,
164,102703,1,True,True,EB0138_SS_Ecobank Obodoukwu,507224b286eb,19965,0,Africa/Lagos,,,,True,True,0,0,,1,0,1617708760,0,False,solar,
165,103521,1,True,True,EB0140_SE_Ecobank Garden Avenue,0479b7ec4cbf,19965,0,UTC,,,,False,True,0,0,,1,0,1618148521,0,False,battery,
166,97384,1,True,True,EB0141_SE_ECOBANK FAULKS ROAD ABA,0479b7ed1469,19965,0,UTC,09017756635,,,False,True,0,0,,1,0,1614536921,0,False,generator,
167,100570,1,True,True,EB0142_SS_ECOBANK ELEME PORT HARCOUT,507224b136cc,19965,0,UTC,,,,False,True,1,1,,1,0,1616427517,0,False,solar,
168,93171,1,True,True,EB0143_SS_EcoBank PH-PRPC,0479b7ec4596,19965,0,UTC,08094902319,,,False,True,0,0,,1,0,1611647262,0,False,battery,
169,110362,1,True,True,EB0144_SS_Ecobank DELSU Abraka,507224b286b5,19965,0,UTC,,,,False,True,0,0,,1,0,1622038386,0,False,battery,
170,99488,1,True,True,"EB0145_SS_Ecobank Agbor, Delta",507224b29e58,19965,0,Africa/Lagos,,,,True,True,1,1,,1,0,1615830508,0,False,battery,
171,101146,1,True,True,EB0146_SS_Ecobank Benin-Mission Road,507224b75544,19965,0,Africa/Lagos,,,,False,True,0,0,,1,0,1616690344,0,False,battery,
172,100446,1,True,True,"EB0147_SS_Ecobank Ugbowo, Benin",507224b1765a,19965,0,Africa/Lagos,,,,True,True,0,0,,1,0,1616346141,0,False,solar,
173,100907,1,True,True,EB0148_SS_Ecobank uromi Mission Rd,507224b75de8,19965,0,Africa/Lagos,,,,False,True,0,0,,1,0,1616593616,0,False,battery,
174,100149,1,True,True,"EB0149_SS_Ecobank Upper Siluko, Benin",507224b15ee6,19965,0,Africa/Lagos,,,,True,True,0,0,,1,0,1616142416,0,False,generator,
175,97934,1,True,True,EB0150_SW_Ecobank Akure Branch,1862e4805d03,19965,0,UTC,,,,False,True,0,0,,1,0,1614874053,0,False,generator,
176,96412,0,True,False,"EB0151_SW_ECOBANK IDI-APE, IBADAN, OYO STATE",507224b29622,19965,0,UTC,,,,False,True,0,0,,1,0,1613841947,0,False,generator,
177,98472,1,True,True,EB0152_SW_ECOBANK OSOGBO,507224b16b5d,19965,0,UTC,,,,False,True,0,0,,1,0,1615278425,0,False,grid,
178,93362,1,True,True,"EB0153_SW_Ecobank Akure, Ondo Town",88c2558363e8,19965,0,UTC,,,,False,True,0,0,,1,0,1611749541,0,False,generator,
179,98253,1,True,True,EB0154_SW_Ecobank UNAD Ekiti,507224b74a8b,19965,0,UTC,,,,False,True,0,0,,1,0,1615122889,0,False,solar,
180,102947,1,True,True,"EB0155_NW_Ecobank Ali Akilu Road, Kaduna",507224b74eb3,19965,0,UTC,,,,False,True,0,0,,1,0,1617811337,0,False,battery,
181,108140,1,True,True,EB0156_NC_Lokoja Obajana,507224b15aac,19965,0,UTC,,,,False,True,0,0,,1,0,1620747423,0,False,solar,
182,97319,1,True,True,EB0157_SW_Ecobank Isheri,507224b17627,19965,0,UTC,09045384909,,,False,True,1,1,,1,0,1614440906,0,False,battery,
183,108465,1,True,True,EB0158_SS_Ecobank  Eket Akwa Ibom,507224b27d62,19965,0,UTC,,,,False,True,0,0,,1,0,1620910794,0,False,battery,
184,108786,1,True,True,EB0159_SE_ Ecobank Assumpta,7c386659af86,19965,0,UTC,07017467576,,,False,True,0,0,,1,0,1621177138,0,False,generator,
185,109874,1,True,True,EB0160_SE_ Ecobank Umuahia,0479b7eceb2c,19965,0,UTC,,,,False,True,1,1,,1,0,1621780574,0,False,generator,
186,100565,1,True,True,EB0161_SS_Ecobank_UghellI,507224b286e2,19965,0,UTC,,,,False,True,0,0,,1,0,1616426041,0,False,battery,
187,98502,1,True,True,EB0162_SW_Ecobank Sango-Otta,1862e4805d15,19965,0,UTC,,,,False,True,1,1,,1,0,1615286881,0,False,generator,
188,101858,1,True,True,"EB0163_SS_ECOBANK RUMUOKORO, PH",1862e4805d5d,19965,0,UTC,,,,False,True,0,0,,1,0,1617118120,0,False,battery,
189,97691,0,True,False,Ecobank Mobile Rd. EB0117,507224b29e7c,19965,0,UTC,,,,False,True,0,0,,1,0,1614756982,0,False,solar,
190,52670,0,True,False,"FB0001_SW_Fidelity Bank, Ojota, Lagos",507224b2923c,19965,0,Africa/Lagos,08187133257,,,False,True,0,0,,1,0,1580560627,0,False,grid,
191,54791,0,True,False,"FB0002_SW_Fidelity Oniru, Lagos",508cb1cc22a6,19965,0,Africa/Lagos,,,,False,True,0,0,,1,0,1582905250,0,False,grid,
192,113823,1,True,True,FC0001_SW_FCMB Surulere 1,0035ff645bc7,19965,0,UTC,,,,False,True,0,0,,1,0,1623873538,0,False,generator,
193,6677,1,True,True,"FC0002_SW_FCMB Ajah, Lagos",6cecebc31398,19965,18904,Africa/Lagos,,,,False,True,0,0,900.0,1,0,1463080387,0,False,battery,
194,6805,1,True,True,"FC0003_SW_FCMB Warehouse Road, Apapa, Lagos",6cecebc2d25a,19965,23167,Africa/Lagos,,,,False,True,0,0,,1,0,1463754701,0,False,generator,
195,9269,0,True,False,"FC0004_SW_FCMB Agbowo, Ibadan, Oyo",507224eb556d,19965,0,Africa/Lagos,,,,False,True,0,0,,1,0,1478007509,0,False,generator,
196,8337,0,True,False,"FC0005_SW_FCMB  Bodija, Ibadan, Oyo",6cecebc23c3d,19965,23867,Africa/Lagos,,,,False,True,0,0,,1,0,1472820559,0,False,generator,
197,7486,1,True,True,"FC0006_NC_FCMB Gana, Maitama, Abuja, FCT",6cecebbce3cf,19965,23554,Africa/Lagos,,,,False,True,0,0,,1,0,1467720469,0,False,generator,
198,12672,1,True,True,"FC0007_NC_FCMB Kuje, Abuja, FCT",6ceceb8d85c8,19965,0,Africa/Lagos,08036809094,,,False,True,0,0,,1,0,1497086994,0,False,grid,
199,7525,1,True,True,"FC0008_NC_FCMB Mediteranean, Maitama, Abuja, FCT",6cecebc2453a,19965,26953,Africa/Lagos,,,,False,True,0,0,,1,0,1467895591,0,False,solar,
200,62910,1,True,True,FC0009_NC_FCMB PH Crescent Abuja FCT,0479b7f18147,19965,0,UTC,,,,False,True,1,1,,1,0,1592410445,0,False,generator,
201,22148,1,True,True,"FC0010_NC_FCMB Ladoke, Garki 2, Abuja, FCT",985dadcb1a4e,19965,0,Africa/Lagos,,,,False,True,1,1,,1,0,1529354359,0,False,battery,
202,64650,1,True,True,FC0012_NW_FCMB Bompai Rd Kano,c4edba87b9ff,19965,0,UTC,,,,False,True,0,0,,1,0,1593979705,0,False,generator,
203,36736,1,True,True,"FC0015_SS_FCMB Transamadi 1, Port Harcourt, Rivers",9884e38cf883,19965,0,Africa/Lagos,,,,False,True,1,1,,1,0,1558507568,0,False,battery,
204,26656,0,True,False,"FC0016_SW_FCMB Idimu, Lagos",9884e3b397cd,19965,0,UTC,,,,False,True,1,1,,1,0,1538493728,0,False,generator,
205,45541,0,True,False,"FC0017_SW_FCMB Alagbado, Lagos",9884e38d3c3c,19965,0,UTC,,,,False,True,1,1,,1,0,1570717501,0,False,battery,
206,27014,1,True,True,"FC0018_NW_FCMB Zaria Road, Kaduna",9884e3b3d2d4,19965,0,UTC,,,,False,True,0,0,,1,0,1539168292,0,False,solar,
207,27736,1,True,True,"FC0019_NW_FCMB Katsina 1, Katsina",9884e3b36c36,19965,0,UTC,,,,False,True,0,0,,0,0,1540475454,0,False,solar,
208,27269,1,True,True,"FC0020_SW_FCMB Akute, Ogun",9884e3b3f8d4,19965,0,UTC,,,,False,True,1,1,,1,0,1539688106,0,False,grid,
209,27501,1,True,True,"FC0021_SS_FCMB Ikot Ekpene, Akwa Ibom",9884e3b405ee,19965,0,Africa/Lagos,,,,False,True,1,1,,1,0,1540201587,0,False,solar,
210,27176,0,True,False,"FC0022_SW_FCMB MM Way, Ilorin, Kwara",9884e3aed7ed,19965,0,UTC,,,,False,True,0,0,,1,0,1539530887,0,False,grid,
211,25881,0,True,False,"FC0023_SW_FCMB FMC Abeokuta, Ogun",9884e3b3f01f,19965,0,Africa/Lagos,,,,False,True,0,0,,1,0,1536957604,0,False,grid,
212,27159,0,True,False,"FC0024_SW_FCMB Ijebu Ode 2, Imepe, Ogun",985dadcae820,19965,0,Africa/Lagos,,"<p>Number Of Panels: &nbsp; &nbsp; 100</p>

<p>Number of Acs: &nbsp; &nbsp; &nbsp; &nbsp; &nbsp;&nbsp; 27</p>

<p>Total HP: &nbsp; &nbsp; &nbsp; &nbsp; &nbsp; &nbsp; &nbsp; &nbsp; &nbsp; &nbsp;&nbsp; 43.5</p>

<p>Avg Daily kWh Cons.:&nbsp; 280kWh</p>
",,False,True,1,1,,1,0,1539512290,0,False,grid,
213,27594,0,True,False,"FC0025_SW_FCMB Mushin, Lagos",38d2692bc256,19965,0,Africa/Lagos,,,,False,True,1,1,,1,0,1540323089,0,False,battery,
214,27752,0,True,False,"FC0026_SS_FCMB Oyigbo, Port Harcourt, Rivers",985dadcadd63,19965,0,Africa/Lagos,,,,False,True,0,0,,1,0,1540496977,0,False,generator,
215,29217,0,True,False,"FC0027_SW_FCMB Kwara Poly, Ilorin, Kwara",9884e3b31a80,19965,0,UTC,,"<p>Number of Panels: &nbsp; 54</p>

<p>Number of ACs: &nbsp; &nbsp; &nbsp;&nbsp; 9</p>

<p>Total Hp: &nbsp; &nbsp; &nbsp; &nbsp; &nbsp; &nbsp; &nbsp; &nbsp;&nbsp; 13.5</p>

<p>&nbsp;</p>
",,False,True,1,1,,1,0,1543742727,0,False,solar,
216,29209,0,True,False,"FC0028_SW_FCMB Akowonjo, Egbeda, Lagos",9884e38cfe5e,19965,0,UTC,,,,False,True,0,0,,1,0,1543688650,0,False,battery,
217,31408,1,True,True,"FC0029_SS_FCMB Garrison, Port Harcourt, Rivers",6064054c8c73,19965,0,Africa/Lagos,,,,False,True,0,0,,1,0,1549302156,0,False,generator,
218,30027,1,True,True,"FC0030_NC_FCMB Minna, Niger",9884e3b3385e,19965,0,UTC,,,,False,True,0,0,,1,0,1545298177,0,False,battery,
219,31644,1,True,True,"FC0031_NC_FCMB Suleja, Niger",9884e38a475b,19965,0,UTC,,,,False,True,1,1,,1,0,1549652635,0,False,battery,
220,33561,1,True,True,"FC0032_NW_FCMB Dutse, Jigawa",6064054c5e34,19965,0,UTC,,,,False,True,0,0,,1,0,1553094983,0,False,battery,
221,30729,1,True,True,"FC0033_NW_FCMB Sokoto, Sokoto",9884e38d5aa0,19965,0,UTC,,,,False,True,0,0,,1,0,1547653386,0,False,generator,
222,42023,1,True,True,"FC0034_SS_FCMB Oron Road, Uyo, Akwa Ibom",6064054c8414,19965,0,Africa/Lagos,08187133194,,,False,True,0,0,,1,0,1566138156,0,False,generator,
223,34782,1,True,True,"FC0035_NC_FCMB British American Junction, Jos, Plateau",606405279e91,19965,0,UTC,,,,False,True,0,0,,1,0,1555236985,0,False,battery,
224,127661,1,True,True,FC0036_SS_RUMOKORO,0cb2b7b80c8b,19965,0,Africa/Lagos,,,,True,True,0,0,,1,0,1631375565,0,False,battery,
225,33386,0,True,False,"FC0037_SS_FCMB Calabar, Cross River",7c669d45d023,19965,0,UTC,,,,True,True,1,1,,1,0,1552747390,0,False,grid,
226,30509,1,True,True,"FC0038_NC_FCMB Kubwa, Abuja, FCT",9884e3969276,19965,0,UTC,,,,False,True,0,0,,1,0,1547133273,0,False,battery,
227,31406,1,True,True,"FC0039_SS_FCMB Effurun, Warri, Delta",0479b7eca5f0,19965,0,UTC,,,,False,True,0,0,,1,0,1549295774,0,False,generator,
228,31240,1,True,True,"FC0040_SE_FCMB Garden Avenue, Enugu",9884e3b332b6,19965,0,UTC,,,,False,True,0,0,,0,0,1548847688,0,False,grid,
229,31010,1,True,True,"FC0041_NE_FCMB Damaturu, Yobe",985dad36dbb0,19965,0,UTC,,,,True,True,0,0,,1,0,1548315666,0,False,generator,
230,30195,1,True,True,"FC0042_SS_FCMB Eket, Akwa Ibom",d0ff50e9bbaf,19965,0,Africa/Lagos,,,,False,True,0,0,,1,0,1545927382,0,False,generator,
231,31370,0,True,False,"FC0043_SW_FCMB Okota, Lagos",9884e396744b,19965,0,Africa/Lagos,,,,False,True,1,1,,1,0,1549131961,0,False,grid,
232,29885,0,True,False,"FC0044_SW_FCMB Ijebu-Ode 1, Ogun",606405279ed6,19965,0,UTC,,,,False,True,1,1,,1,0,1545057366,0,False,grid,
233,30857,0,True,False,"FC0045_SW_FCMB Sango Ota, Ogun",0cb2b7b981bd,19965,0,UTC,,,,False,True,0,0,,1,0,1547930717,0,False,battery,
234,30545,0,True,False,"FC0046_SS_FCMB Umuahia 1, Abia",9884e39849c5,19965,0,UTC,,,,False,True,0,0,,1,0,1547211820,0,False,battery,
235,58187,1,True,True,"FC0047_SW_FCMB Lagere,Ile Ife,Osun",0479b7efc38a,19965,0,Africa/Lagos,,,,False,True,1,1,,0,0,1587040190,0,False,generator,
236,42972,1,True,True,"FC0048_NE_FCMB Bauchi, Bauchi",6064054c720c,19965,0,UTC,,,,False,True,1,1,,1,0,1567433120,0,False,solar,
237,30337,0,True,False,"FC0049_SW_FCMB Ogba, Ikeja, Lagos",6064054fbdeb,19965,0,UTC,,,,False,True,1,1,,1,0,1546619279,0,False,generator,
238,33861,1,True,True,"FC0050_SW_FCMB Broad Street, Lagos",6064054ff27d,19965,0,UTC,,,,False,True,0,0,,1,0,1553679959,0,False,grid,
239,34078,1,True,True,"FC0051_SE_FCMB Zik Avenue, Awka, Anambra",9884e3968426,19965,0,UTC,,,,False,True,1,1,,1,0,1554101736,0,False,generator,
240,33666,1,True,True,"FC0052_NW_FCMB Kachia Police, Kachia, Kaduna",985dad36eb72,19965,0,UTC,,,,False,True,0,0,,1,0,1553272836,0,False,battery,
241,36144,0,True,False,"FC0053_SW_FCMB Agege, Lagos",9884e38d22a2,19965,0,UTC,,,,False,True,1,1,,1,0,1557504292,0,False,grid,
242,37378,0,True,False,"FC0054_SW_FCMB Airport Road, Lagos",6064054c843b,19965,0,Africa/Lagos,,,,False,True,0,0,,0,0,1559405974,0,False,grid,
243,31306,1,True,True,"FC0055_SS_FCMB Abak Rd, Uyo, Akwa Ibom",985dadcb7657,19965,0,Africa/Lagos,08148002701,,,False,True,1,1,,1,0,1548956534,0,False,battery,
244,40766,1,True,True,"FC0056_SS_FCMB Transamadi 2, Port Harcourt, Rivers",9884e38a4db2,19965,0,Africa/Lagos,09012915525,,,False,True,0,0,,1,0,1564330751,0,False,generator,
245,45074,1,True,True,"FC0057_SS_FCMB Yenagoa, Bayelsa",9884e39841a6,19965,0,Africa/Lagos,08068778234,,,False,True,0,0,,1,0,1570111392,0,False,generator,
246,46584,0,True,False,"FC0058_SW_FCMB Oba Akran 1, Ikeja, Lagos",6064054c80b7,19965,0,Africa/Lagos,08073388126,,,False,True,0,0,,1,0,1572107588,0,False,solar,
247,44729,1,True,True,"FC0059_SE_FCMB Obosi Electrical, Onitsha, Anambra",6064054c9bf7,19965,0,Africa/Lagos,09033006815,,,False,True,0,0,,1,0,1569771879,0,False,generator,
248,48036,1,True,True,"FC0060_NC_FCMB Lafia 2, Nassarawa",6064054cbd41,19965,0,UTC,,,,False,True,0,0,,1,0,1573987575,0,False,generator,
249,44706,1,True,True,"FC0061_SW_FCMB Ikorodu, Lagos",6064054ceaa9,19965,0,UTC,09011583140,,,False,True,1,1,,1,0,1569684977,0,False,battery,
250,48039,1,True,True,"FC0063_NW_FCMB Gusau, Zamfara",6064050be86e,19965,0,UTC,,,,False,True,1,1,,1,0,1573995457,0,False,grid,
251,46628,1,True,True,"FC0064_SS_FCMB Mission Road, Benin, Edo",6064054fcb25,19965,0,Africa/Lagos,,,,False,True,1,1,,1,0,1572257093,0,False,solar,
252,46642,1,True,True,"FC0065_SS_FCMB Calabar Road, Ikom",6064054fad6e,19965,0,UTC,,,,False,True,1,1,,1,0,1572267580,0,False,battery,
253,43617,0,True,False,"FC0066_SW_FCMB Yaba Street, Ondo (Old)",9884e39833bc,19965,0,Africa/Lagos,09012561399,,,False,True,0,0,,1,0,1568216709,0,False,battery,
254,65930,0,True,False,"FC0066_SW_FCMB Yaba Street,Ondo",0479b7f292b3,19965,0,UTC,09012561399,,,False,True,0,0,,1,0,1594992751,0,False,battery,
255,45231,1,True,True,"FC0067_SS_FCMB Bori, Rivers",9884e38d5a8e,19965,0,Africa/Lagos,08038109859,,,False,True,0,0,,1,0,1570376912,0,False,battery,
256,46378,0,True,False,"FC0068_SW_FCMB Abeokuta, Ogun",6064054c942a,19965,0,UTC,08073388094,,,False,True,0,0,,1,0,1571825573,0,False,battery,
257,45679,1,True,True,"FC0069_SE_FCMB Wetheral Road 1, Owerri, Imo",0479b7ec5df9,19965,0,Africa/Lagos,07010126193,,,False,True,0,0,,1,0,1570954667,0,False,generator,
258,45689,0,True,False,"FC0070_SW_FCMB Sabo Garage, Ojoo, Ibadan, Oyo",507224b752d2,19965,0,Africa/Lagos,,,,False,True,0,0,,1,0,1570981959,0,False,battery,
259,43924,0,True,False,"FC0071_SW_FCMB Oshodi, Lagos",9884e39bdc9d,19965,0,Africa/Lagos,,,,False,True,1,1,,1,0,1568647769,0,False,battery,
260,49452,1,True,True,"FC0072_NC_FCMB Sabon Tasha Keffi, Nassarawa",9884e3965a91,19965,0,Africa/Lagos,,,,False,True,1,1,,1,0,1575818246,0,False,generator,
261,48599,1,True,True,FC0073_NC_Bwari Abuja,0cb2b7b81156,19965,0,UTC,,,,False,True,1,1,,1,0,1574688985,0,False,battery,
262,47060,1,True,True,"FC0074_NC_FCMB Wuse 2, Abuja, FCT",9884e38d27b2,19965,0,UTC,,,,False,True,0,0,,1,0,1572785631,0,False,grid,
263,50809,1,True,True,"FC0075_SW_FCMB Creek Apapa, Lagos",6064054fb2b6,19965,0,Africa/Lagos,,,,True,True,0,0,,1,0,1578065165,0,False,battery,
264,49024,1,True,True,"FC0076_NC_FCMB Area 8 Ogbomosho, Garki, Abuja",6064054c900e,19965,0,Africa/Lagos,,,,False,True,1,1,,1,0,1575134679,0,False,generator,
265,49479,1,True,True,"FC0077_NE_FCMB Gombe, Gombe",9884e396450b,19965,0,UTC,,,,False,True,0,0,,1,0,1575884318,0,False,battery,
266,49038,1,True,True,FC0078_NC_Lokoja 1 Kogi,6064052798ba,19965,0,UTC,,,,False,True,0,0,,1,0,1575199936,0,False,generator,
267,49823,1,True,True,"FC0079_NE_FCMB Yola, Adamawa",9884e39849fe,19965,0,UTC,,,,False,True,0,0,,1,0,1576227935,0,False,battery,
268,49497,1,True,True,"FC0080_NE_FCMB Makurdi, Benue",6064054cdc32,19965,0,UTC,07064352366,,,False,True,0,0,20.0,1,0,1575892414,0,False,generator,
269,67999,1,True,True,FC0082_NW_FCMB Birnin Kebbi II,9884e38d02be,19965,0,UTC,,,,False,True,0,0,,1,0,1596733943,0,False,battery,
270,50162,1,True,True,"FC0083_NE_FCMB Maiduguri, Borno",6064054ce1c2,19965,0,UTC,,,,False,True,0,0,,1,0,1576670903,0,False,generator,
271,49999,1,True,True,"FC0084_SS_FCMB Ughelli, Delta",0cb2b7b98fa3,19965,0,UTC,,,,False,True,0,0,,1,0,1576512735,0,False,battery,
272,47759,1,True,True,"FC0086_SE_FCMB Nnewi, Anambra",6064054fbda9,19965,0,UTC,,,,False,True,0,0,,1,0,1573625066,0,False,battery,
273,49049,1,True,True,"FC0087_SE_FCMB Abakaliki, Ebonyi",9884e38d1724,19965,0,UTC,,,,False,True,0,0,,1,0,1575219852,0,False,generator,
274,69242,1,True,True,"FC0088_SW_FCMB Abattoir, Agege, Lagos.",0479b7f1f67a,19965,0,UTC,,,,False,True,0,0,,1,0,1597779135,0,False,generator,
275,49996,1,True,True,FC0089_NC_MM-Way Jos,9884e38d1772,19965,0,UTC,,,,False,True,0,0,,1,0,1576511980,0,False,generator,
276,50513,1,True,True,FC0090_NE_Commercial road Bauchi,9884e39635d1,19965,0,UTC,07064352366,,,False,True,0,0,,1,0,1577108842,0,False,generator,
277,50619,1,True,True,"FC0092_NC_FCMB Asokoro, Abuja",f45eab69a0c7,19965,0,UTC,,,,False,True,0,0,,1,0,1577463813,0,False,generator,
278,50850,1,True,True,"FC0093_NE_FCMB Azare, Bauchi",6064054ce607,19965,0,UTC,07064352366,,,False,True,1,1,,1,0,1578159992,0,False,generator,
279,49406,1,True,True,FC0094_NC_FCMB Gwagwalada,9884e3965ac1,19965,0,Africa/Lagos,,,,False,True,1,1,,1,0,1575720579,0,False,battery,
280,49084,1,True,True,"FC0095_SW_FCMB Agbara, Ogun state",9884e38d279a,19965,0,UTC,08187133215,,,False,True,0,0,,1,0,1575289971,0,False,battery,
281,49437,1,True,True,FC0096_NW_Ali Akilu Kaduna,9884e3967be4,19965,0,UTC,,,,False,True,1,1,,1,0,1575803305,0,False,battery,
282,50004,1,True,True,"FC0097_SW_FCMB ILUPEJU, LAGOS",507224b7297d,19965,0,UTC,09019703457,,,False,True,0,0,,1,0,1576514774,0,False,grid,
283,68186,0,True,False,"FC0100_SE_FCMB Presidential Road, Enugu",508cb1e392bd,19965,0,UTC,08066944758,,,False,True,0,0,,1,0,1596901259,0,False,generator,
284,50859,0,True,False,"FC0101_SE_FCMB Nsukka, Enugu",04a316e6c1dc,19965,0,UTC,,,,False,True,1,1,,1,0,1578229683,0,False,solar,
285,53758,1,True,True,"FC0102_SE_FCMB OKO, ANAMBRA",508cb1cb59ea,19965,0,UTC,,,,False,True,0,0,,1,0,1581918812,0,False,battery,
286,51838,1,True,True,"FC0103_SE_FCMB New Market Road 1, Onitsha, Anambra",f45eab698b17,19965,0,UTC,,,,False,True,0,0,,1,0,1579604697,0,False,battery,
287,50684,1,True,True,"FC0105_SE_FCMB Faulks rd. Aba, Abia state",506583645246,19965,0,Africa/Lagos,,,,False,True,1,1,,1,0,1577718275,0,False,battery,
288,49948,1,True,True,"FC0106_SW_FCMB Ilesha, Osun",9884e38a588d,19965,0,Africa/Lagos,09011264067,,,False,True,0,0,,0,0,1576435068,0,False,generator,
289,49992,1,True,True,"FC0107_NC_FCMB Mararaba Karu, Nassarawa",9884e38d317c,19965,0,Africa/Lagos,,,,False,True,1,1,,1,0,1576509433,0,False,battery,
290,50509,1,True,True,"FC0109_NW_FCMB Sabon Tasha, Kaduna",508cb1e204f5,19965,0,UTC,,,,False,True,0,0,,1,0,1577105835,0,False,battery,
291,50979,1,True,True,"FC0111_SW_FCMB Yaba, Surulere, Lagos",f45eabfb0ad1,19965,0,Africa/Lagos,,,,False,True,1,1,,1,0,1578421563,0,False,battery,
292,51324,1,True,True,"FC0112_NW_FCMB Kachia Road, Kaduna",f45eabf9668d,19965,0,UTC,,,,False,True,1,1,,1,0,1578938212,0,False,solar,
293,63971,1,True,True,"FC0113_SS_FCMB Warri 1, Delta",508cb1cbf2bc,19965,0,UTC,07043571335,,,False,True,0,0,,1,0,1593429188,0,False,battery,
294,68991,0,True,False,FC0114_SE_FCMB Market Road Enugu,d0ff5039dbbb,19965,0,UTC,09031340476,,,False,True,0,0,,1,0,1597590421,0,False,generator,
295,66204,0,True,False,FC0115_SS_FCMB Yenagoa II,0479b7ef4707,19965,0,UTC,07042840573,,,False,True,0,0,,1,0,1595266339,0,False,generator,
296,56131,0,True,False,"FC0116_SS_FCMB Warri 2, Airport Road, Warri, Delta",508cb1e3bf1d,19965,0,UTC,07064352366,,,False,True,0,0,,1,0,1584354432,0,False,generator,
297,62336,0,True,False,"FC0117_SW_FCMB Kingsway, Awolowo Road, Ikoyi, Lagos",7c38665ab59c,19965,0,Africa/Lagos,09045547359,,,False,True,0,0,,1,0,1591877605,0,False,grid,
298,68222,0,True,False,"FC0118_SW_FCMB Awolowo Road, Ikoyi, Lagos",0479b7a38e0e,19965,0,Africa/Lagos,,,,False,True,0,0,,1,0,1596970624,0,False,battery,
299,68068,1,True,True,FC0119_SW_Fcmb Molete,4c3fd33ee788,19965,0,Africa/Lagos,08037810683,,,False,True,0,0,,1,0,1596797018,0,False,battery,
300,21769,0,True,False,"FL0001_SW_Friesland Campina Fashola, Oyo",9884e3b32bca,19965,0,Africa/Lagos,,,,False,True,0,0,,1,0,1528543616,0,False,solar,
301,21937,0,True,False,"FL0002_SW_Friesland Campina Maya, Oyo",9884e3b3adf7,19965,0,Africa/Lagos,,,,False,True,0,1,,1,0,1528928189,0,False,solar,
302,54943,0,True,False,"FN0001_SS_First Bank Ugep, Cross River",508cb1cb7b7d,19965,0,UTC,,,,False,True,0,0,,1,0,1583161145,0,False,generator,
303,55628,0,True,False,"FN0002_NW_First Bank Bichi, Kano",508cb1e34bb7,19965,0,UTC,,,,False,True,0,0,,1,0,1583854936,0,False,battery,
304,28328,0,True,False,"GS0001_SW_Greensprings Schools, Ikoyi, Lagos",508cb1e2735d,19965,0,Africa/Lagos,,,,False,True,0,0,,1,0,1541700021,0,False,solar,
305,29157,0,True,False,"GS0002_SW_Greensprings Schools Anthos House, Lekki, Lagos",606405279ec4,19965,0,Africa/Lagos,,,,False,True,0,0,,1,0,1543581270,0,False,battery,
306,35746,0,True,False,"HB0001_SW_Heritage Bank Awolowo Road, Ikoyi, Lagos",9884e38cf8e0,19965,0,UTC,,,,False,True,1,1,,1,0,1556894401,0,False,grid,
307,34844,0,True,False,"HB0002_SW_Heritage Bank Apapa-Oshodi, Lagos",6064054c970a,19965,0,Africa/Lagos,,,,False,True,1,1,,1,0,1555340928,0,False,generator,
308,22116,1,True,True,"HL0001_SW_Helios Investment Ikoyi, Lagos",985dadcb9d7c,19965,0,Africa/Lagos,,,,False,True,1,1,,1,0,1529328213,0,False,battery,
309,97448,1,True,True,HQ0003_Abuja Office_No 4. IBM Haruna Street Utako Abuja,c4f312812645,19965,0,UTC,,,,False,True,0,0,,1,0,1614597816,0,False,battery,
310,50810,1,True,True,"IC0001_SW_InfraCredit Victoria Island, Lagos",c4f31274ee12,19965,0,UTC,09013030197,,,False,True,1,1,,1,0,1578065946,0,False,solar,
311,99482,1,True,True,Mr Femi,508cb1e37c0a,19965,0,UTC,,,,False,True,0,0,,1,0,1615828618,0,False,generator,
312,76842,1,True,True,"New EB0012_SS_Ecobank Hospital Road, Ogoja, Cross River",64cfd99076b9 - USEDASREPLACEMENT,19965,0,UTC,,,,False,True,0,0,,1,0,1603985538,0,False,solar,
313,134655,1,True,True,NEW NKPPO,0cb2b7cc5ee3 - USEDASREPLACEMENT,19965,0,UTC,,,,False,True,0,0,,1,0,1635077430,0,False,solar,
314,124438,1,True,True,PB0009_SW_Polaris Epe,94e36dd4eb55,19965,0,UTC,,,,True,True,1,1,,1,0,1629567074,0,False,solar,
315,130051,1,True,True,"PB0011_SW_POLARIS OGBOMOSO, OYO STATE",0cb2b7b986a3,19965,0,Africa/Lagos,,,"{""type"":""rectangle"",""coords"":{""northeast"":{""lat"":0.7397255287591361,""lng"":0.5749509483575821},""southwest"":{""lat"":-0.40282872650335594,""lng"":-0.4467775672674179}}}",True,True,0,0,,1,0,1632732368,0,False,battery,
316,130128,1,True,True,PB0014_SW_Polaris Bank Adeniran Ogunsanya,0cb2b7b9959a,19965,0,UTC,09066306063,,,False,True,1,1,,1,0,1632757574,0,False,grid,
317,130859,0,True,False,PB0015_SW_Polaris Osapa,0479b7ec5dea,19965,0,Africa/Lagos,,,,True,True,0,0,,1,0,1633097523,0,False,grid,
318,129898,1,True,True,PB0017_SW_Polaris Bank Ikotun,0cb2b7cd449f,19965,0,Africa/Lagos,,,,False,True,0,0,,1,0,1632572854,0,False,generator,
319,134201,0,True,False,PB0020_NC_Polaris Bank Garki,0cb2b7b99a62,19965,0,UTC,,,,False,True,0,0,,1,0,1634829419,0,False,solar,
320,129913,1,True,True,PB0022_SW_POLARIS OSOLO WAY,0cb2b7b81b2b,19965,0,Africa/Lagos,,,,True,True,0,0,,1,0,1632579674,0,False,battery,
321,127734,1,True,True,PB0026_SW_Polaris 1st  Avenue_Festac,94e36dce9010,19965,0,UTC,,,,False,True,1,1,,1,0,1631469083,0,False,solar,
322,132095,1,True,True,PB0027_SW_Polaris Sango-Otta,0cb2b7b9f117,19965,0,UTC,,,,False,True,0,0,,1,0,1633792868,0,False,generator,
323,28963,1,True,True,PV test site-main office ikoyi,9884e3b38940,19965,0,Africa/Lagos,+2349090849683,,,False,True,0,0,,1,0,1543233850,0,False,battery,
324,40884,0,True,False,"RC0001_SW_Rainbow College, Surulere, Lagos",6064054cab75,19965,0,UTC,,,,False,True,1,1,,1,0,1564489716,0,False,solar,
325,123088,1,True,True,"RJ0001_SW_RJOLAD Hospital, Gbagada, Lagos",0cb2b7b9f657,19965,0,UTC,,,,False,True,0,0,,1,0,1628756425,0,False,grid,
326,17245,0,True,False,"SB0003_SW_Stanbic IBTC Ejigbo, Lagos.",985dadcb9d19,19965,0,Africa/Lagos,,"<p>Commission Date:</p>

<p>No of Panels:</p>

<p>No of ACs:</p>

<p>&nbsp;</p>
",,False,True,0,0,,1,0,1515441931,0,False,battery,
327,17873,0,True,False,"SB0004_SW_Stanbic IBTC Igando, Lagos",985dadcb23ab,19965,0,Africa/Lagos,,,,False,True,0,0,,1,0,1517586461,0,False,battery,
328,17398,0,True,False,"SB0005_SW_Stanbic IBTC Ikotun, Lagos",38d2692bc25f,19965,0,Africa/Lagos,,,,False,True,0,0,1500.0,1,0,1516007859,0,False,grid,
329,17890,0,True,False,"SB0006_SW_Stanbic IBTC Oyo, Oyo",38d2692bd530,19965,0,Africa/Lagos,,,,False,True,0,0,,1,0,1517665533,0,False,battery,
330,17560,0,True,False,"SB0007_SW_Stanbic IBTC Sagamu, Ogun",0cb2b7b97479,19965,0,Africa/Lagos,,,,False,True,0,0,,1,0,1516374946,0,False,solar,
331,17579,0,True,False,"SB0008_SW_Stanbic Ota 1, Ogun",985dad380013,19965,0,Africa/Lagos,,,,False,True,0,0,,1,0,1516464121,0,False,battery,
332,17577,0,True,False,"SB0009_SW_Stanbic Ota 2, Ogun",985dadcb90e2,19965,0,Africa/Lagos,,,,False,True,0,1,,1,0,1516460184,0,False,battery,
333,18066,0,True,False,"SB0010_SW_Stanbic IBTC Ile-Ife, Osun",985dadcacf87,19965,0,Africa/Lagos,,,,False,True,0,0,,1,0,1518335687,0,False,generator,
334,17893,0,True,False,"SB0011_SW_Stanbic IBTC Ilesha, Osun",985dadcaf3c3,19965,0,Africa/Lagos,,,,False,True,0,0,,1,0,1517673939,0,False,solar,
335,18338,0,True,False,"SB0012_SS_Stanbic IBTC Calabar, Cross River",985dadcb0931,19965,0,Africa/Lagos,,,,False,True,0,0,,1,0,1518955025,0,False,battery,
336,18484,0,True,False,"SB0013_SS_STANBIC IBTC Warri, Delta",606405e61000,19965,0,Africa/Lagos,,,,False,True,0,0,,1,0,1519398769,0,False,solar,
337,17881,0,True,False,"SB0014_SW_STANBIC IBTC Ondo, Ondo",985dadeab57e,19965,0,Africa/Lagos,,,,False,True,0,0,,1,0,1517645810,0,False,solar,
338,121501,1,True,True,"SB0017_NW_Stanbic IBTC, Bank Road Kano",0479b7ed2042,19965,0,UTC,,,,False,True,0,0,,1,0,1627736644,0,False,battery,
339,120341,1,True,True,"SB0018_SW_Stanbic UCH Ibadan, Oyo State",0cb2b7b9bffd,19965,0,Africa/Lagos,,,,False,True,1,1,,1,0,1627123414,0,False,generator,
340,120457,0,True,False,SB0020_SW_Stanbic IBTC Ring Road,507224b2830a,19965,0,Africa/Lagos,,,,True,True,0,0,,1,0,1627237847,0,False,grid,
341,116588,1,True,True,SB0021_NC_STANBIC IBTC ILORIN,e415f6f87342,19965,0,Africa/Lagos,09121869044,,,False,True,0,0,,1,0,1625230198,0,False,solar,
342,129265,1,True,True,SB0022_SE_Stanbic Onitsha Main,507224b75f39,19965,0,UTC,09049691734,,,False,True,1,1,,1,0,1632238794,0,False,solar,
343,114407,1,True,True,SB0023_SW_STANBIC IWO RD,507224b76775,19965,0,Africa/Lagos,09121241941,,,True,True,0,0,,1,0,1624190200,0,False,battery,
344,115550,1,True,True,SB0024_SW_STANBIC IBTC BANK EGBEDA,1862e480573c,19965,0,UTC,08061788612,,,False,True,1,1,,1,0,1624731364,0,False,grid,
345,114435,1,True,True,SB0025_SS_Stanbic Bank Asaba Delta State,0479b7ec6519,19965,0,UTC,,,,False,True,1,1,,1,0,1624214943,0,False,solar,
346,112002,1,True,True,SB0026_SW_STANBIC IBTC OBA AKRAN,0479b7ecfaf2,19965,0,UTC,08097908459,,,False,True,0,0,,1,0,1622909555,0,False,solar,
347,116994,1,True,True,"SB0027_SS_ Stanbic IBTC Warri-Sapele Rd, Delta",507224b29e2e,19965,0,UTC,08098037324,,,False,True,0,0,,1,0,1625505556,0,False,solar,
348,118000,1,True,True,"SB0028_SS_Stanbic bank, Uyo",0479b7ed1acc,19965,0,UTC,,,,False,True,0,0,,1,0,1626003876,0,False,solar,
349,114388,1,True,True,"SB0029_SW_Stanbic IBTC Saki, OYO State",0479b7ec55e0,19965,0,Africa/Lagos,09120926070,,"{""type"":""rectangle"",""coords"":{""northeast"":{""lat"":8.757458616802312,""lng"":3.451939249404079},""southwest"":{""lat"":8.632567920672855,""lng"":3.343449259169704}}}",False,True,1,1,,1,0,1624175583,0,False,solar,
350,120443,1,True,True,SB0030_SW_STANBIC_ADO EKITI,507224b27d1d,19965,0,Africa/Lagos,08061784757,,"{""type"":""rectangle"",""coords"":{""northeast"":{""lat"":7.6124614597483475,""lng"":5.2371416277078175},""southwest"":{""lat"":7.6124092853081144,""lng"":5.237080272176602}}}",True,True,1,1,,1,0,1627228506,0,False,solar,
351,125522,1,True,True,"SB0031_NW_Stanbic IBTC Bank, Dutse Jigawa State",0cb2b7b9e037,19965,0,UTC,,,,False,True,0,0,,1,0,1630154639,0,False,battery,
352,129933,1,True,True,SB0032_NC_Stanbic_Gwagwalada Abuja,0cb2b7b81111,19965,0,UTC,,,,False,True,0,0,,1,0,1632588734,0,False,solar,
353,106763,1,True,True,"SP0001_NW_Stanbic IBTC Pension, Sokoto",507224b17672,19965,0,UTC,,,,False,True,0,0,,1,0,1619963968,0,False,solar,
354,119218,1,True,True,SP0002_NE_Stanbic IBTC Pension Maiduguri,507224b2962b,19965,0,UTC,,,,False,True,0,0,,1,0,1626459560,0,False,battery,
355,27344,0,True,False,"SP0002_SW_SPUL Warehouse, Aswani, Lagos",6064054fe839,19965,0,Africa/Lagos,,,,False,True,0,0,,1,0,1539788155,0,False,battery,
356,124479,1,True,True,SP0003_SE_Stanbic Pension Enugu,507224b2965e,19965,0,UTC,,,,False,True,1,1,,1,0,1629636990,0,False,generator,
357,64744,0,True,False,"SS0001_SW_St. Saviours School, Ikoyi",4c3fd336dda0,19965,0,Africa/Lagos,,,,False,True,0,0,,1,0,1594057942,0,False,grid,
358,16427,0,True,False,"ST0001_SW_Sterling Bank AA1, Victoria Island, Lagos",985dadcb8ab4,19965,0,Africa/Lagos,,,,False,True,0,0,,1,0,1512050815,0,False,battery,
359,34231,0,True,False,"ST0002_SW_Sterling Bank Ketu, Lagos",60640550199f,19965,0,UTC,,,,False,True,0,0,,1,0,1554309356,0,False,solar,
360,6669,1,True,True,"ST0003_SW_Sterling Bank Dopemu, Lagos",6cecebc32b68,19965,31783,Africa/Lagos,,,,False,True,0,0,900.0,1,0,1463682758,0,False,grid,
361,27999,0,True,False,"ST0004_SW_Sterling Bank Ogba, Lagos",c4f31281b051,19965,0,UTC,,,,False,True,0,0,,1,0,1541006063,0,False,battery,
362,12655,0,True,False,"ST0005_SW_Sterling Bank Ire-Akari, Isolo, Lagos",6ceceb8dd250,19965,0,Africa/Lagos,,,,False,True,0,1,,1,0,1496942570,0,False,generator,
363,36255,0,True,False,"ST0006_SW_Sterling Bank Ogudu, Ojota, Lagos",9884e38d1709,19965,0,Africa/Lagos,,,,False,True,0,0,,1,0,1557769493,0,False,grid,
364,16667,0,True,False,"ST0007_SW_Sterling Bank Ogunlana Drive, Surulere, Lagos",f45eab6bfc21,19965,0,Africa/Lagos,,,,False,True,0,1,,1,0,1512747005,0,False,generator,
365,15833,0,True,False,"ST0008_SW_Sterling Bank Yaba, Lagos",f45eab6c90fc,19965,0,Africa/Lagos,,,,False,True,1,1,,1,0,1510159322,0,False,battery,
366,16499,0,True,False,ST0009_SW_Sterling Bank Oshodi Lagos,f45eabfa06b7,19965,0,UTC,,,,False,True,1,1,,1,0,1512323302,0,False,battery,
367,15776,0,True,False,"ST0010_SW_Sterling Bank Magboro, Ogun",606405e5d8a2,19965,0,Africa/Lagos,,,,False,True,1,1,,0,0,1510056203,0,False,generator,
368,20226,0,True,False,"ST0012_SW_Sterling  Bank Aromire, Ikeja, Lagos",9884e3b36c45,19965,0,Africa/Lagos,,,,False,True,0,0,,1,0,1525109700,0,False,battery,
369,17160,1,True,True,"ST0013_SW_Sterling Bank Ikoyi 1, Lagos",9884e3aef69b,19965,0,Africa/Lagos,,,,False,True,0,0,,1,0,1514985668,0,False,grid,
370,20655,0,True,False,"ST0014_NW_Sterling Bank Kachia Road, Kaduna",985dadcb8ad2,19965,0,Africa/Lagos,,,,False,True,0,0,,1,0,1526286193,0,False,generator,
371,16676,0,True,False,"ST0015_SW_Sterling Bank Festac, Lagos",f45eabf76dbf,19965,0,Africa/Lagos,,,,False,True,0,0,,1,0,1512760044,0,False,solar,
372,17206,1,True,True,"ST0016_SW_Sterling Bank Creek Road, Apapa, Lagos",985dadcabd8c,19965,0,Africa/Lagos,,,,True,True,0,1,,1,0,1515161127,0,False,generator,
373,16895,0,True,False,"ST0017_SW_Sterling Bank Matori, Mushin, Lagos",606405f05707,19965,0,Africa/Lagos,,,,False,True,0,0,,1,0,1513443383,0,False,grid,
374,18098,0,True,False,"ST0018_SW_Sterling Bank Igbogbo, Ikorodu, Lagos",9884e3b3adbe,19965,0,Africa/Lagos,,,,False,True,0,0,,1,0,1518449336,0,False,solar,
375,17453,0,True,False,"ST0019_SW_Sterling Bank Ikotun, Lagos",606405e66a13,19965,0,Africa/Lagos,,,,False,True,1,1,,1,0,1516116101,0,False,grid,
376,18342,1,True,True,"ST0020_SW_Sterling Bank Akute, Ogun",9884e3b3978b,19965,0,Africa/Lagos,,,,False,True,0,0,,1,0,1518974413,0,False,grid,
377,18614,0,True,False,"ST0021_NW_Sterling Bank Ali Akilu Road, Kaduna",38d2692bd575,19965,0,Africa/Lagos,,,,False,True,0,0,,1,0,1519906526,0,False,generator,
378,20114,1,True,True,"ST0022_NW_Sterling Bank Gusau, Zamfara",508cb1cc22a7,19965,0,Africa/Lagos,,,,False,True,0,0,,1,0,1524740536,0,False,solar,
379,19952,0,True,False,"ST0023_NW_Sterling Bank Kebbi, Kebbi",9884e3b38ffc,19965,0,Africa/Lagos,,,,False,True,0,0,,1,0,1524411465,0,False,battery,
380,19462,0,True,False,"ST0024_NE_Sterling Bank Gombe, Gombe",508cb1e4df00,19965,0,Africa/Lagos,,,,False,True,0,0,,1,0,1523004663,0,False,solar,
381,19601,0,True,False,"ST0025_NW_Sterling Bank Kagoro Road, Kaduna",508cb1cb7b4e,19965,0,Africa/Lagos,,,,False,True,0,0,,1,0,1523450565,0,False,battery,
382,19974,0,True,False,"ST0026_NW_Sterling Bank Sabon Gari, Zaria, Kaduna",508cb1cc22c1,19965,0,Africa/Lagos,,,,False,True,0,0,,1,0,1524476874,0,False,grid,
383,19434,0,True,False,"ST0027_NE_Sterling Bank Bauchi Road, Bauchi",508cb1e5186f,19965,0,Africa/Lagos,,,,False,True,0,0,,1,0,1522924115,0,False,generator,
384,19210,0,True,False,"ST0028_SW_Sterling Bank Abule Egba, Lagos",9884e3b3f78b,19965,0,Africa/Lagos,,,,False,True,1,1,,1,0,1522088394,0,False,solar,
385,19754,0,True,False,"ST0029_SW_Sterling Bank Idiroko, Ota, Ogun",985dadcb765d,19965,0,Africa/Lagos,,"<p>commission</p>
",,False,True,0,0,,1,0,1523895864,0,False,battery,
386,20015,0,True,False,"ST0030_SW_Sterling Bank Ogijo, Ogun",508cb1e5373f,19965,0,Africa/Lagos,,,,False,True,0,1,,1,0,1524571163,0,False,battery,
387,20645,0,True,False,"ST0031_NW_Sterling Bank Dutse, Jigawa",508cb1e51827,19965,0,UTC,,,,False,True,0,0,,1,0,1526257630,0,False,battery,
388,21614,0,True,False,"ST0032_NW_Sterling Bank Katsina, Katsina",9884e3b39e5a,19965,0,Africa/Lagos,,,,False,True,0,0,,1,0,1528203977,0,False,battery,
389,20875,0,True,False,"ST0033_SW_Sterling Bank Langbasa Road, Ajah, Lagos",9884e3b32bbb,19965,0,Africa/Lagos,,,,False,True,0,1,300.0,2,0,1526653067,0,False,battery,
390,20535,0,True,False,"ST0034_NW_Sterling Bank BUK, Kano",508cb1e3a754,19965,0,UTC,,,,False,True,0,0,,1,0,1525885730,0,False,solar,
391,21620,0,True,False,"ST0036_NW_Sterling Bank MM Way, Kano",985dadcadd78,19965,0,Africa/Lagos,,,,False,True,0,0,,1,0,1528217578,0,False,solar,
392,20451,0,True,False,"ST0038_NW_Sterling Bank Kofar Ruwa, Kano",508cb1c3d2c2,19965,0,Africa/Lagos,,,,False,True,0,0,,1,0,1525691747,0,False,battery,
393,21880,0,True,False,"ST0039_NE_Sterling Maiduguri, Borno",38d2692bd551,19965,0,Africa/Lagos,,,,False,True,0,0,,1,0,1528877366,0,False,generator,
394,25383,0,True,False,"ST0040_SW_Sterling Bank LASU, Ojo, Lagos",9884e3b382be,19965,0,Africa/Lagos,,,,False,True,1,1,,1,0,1536164350,0,False,grid,
395,26935,0,True,False,"ST0041_SW_Sterling Bank Oke Ado, Ibadan, Oyo",9884e3b32ba3,19965,0,Africa/Lagos,,,,False,True,1,1,,1,0,1539077129,0,False,battery,
396,28683,0,True,False,"ST0042_SW_Sterling Bank Challenge, Ibadan, Oyo",985dadcb7a7f,19965,0,UTC,,,,False,True,0,0,,1,0,1542555138,0,False,battery,
397,28759,0,True,False,"ST0043_SW_Sterling Bank Bowen, Iwo, Osun",38d2692be8ff,19965,0,UTC,,,,False,True,1,1,,2,0,1542726627,0,False,battery,
398,30148,0,True,False,"ST0044_SS_Sterling Bank Sagbama, Bayelsa",985dadcb01da,19965,0,Africa/Lagos,,,,False,True,0,0,,1,0,1545586057,0,False,battery,
399,30847,0,True,False,"ST0045_SW_Sterling Bank Ijoko Road, Ogun",985dadcb0180,19965,0,Africa/Lagos,,,,False,True,1,1,,1,0,1547913255,0,False,battery,
400,32674,0,True,False,"ST0046_SW_Sterling Bank Ogijo ATM Gallery, Ogun",985dadcaee7e,19965,0,UTC,,,,True,True,0,0,,1,0,1551636416,0,False,solar,
401,32610,0,True,False,"ST0047_SW_Sterling Bank Trade Fair, Trade Fair Complex, Lagos",985dadcae84a,19965,0,UTC,,,,False,True,0,0,,1,0,1551444595,0,False,battery,
402,36569,0,True,False,"ST0048_SW_Sterling Bank Medical Road, Ikeja, Lagos",6064054c7634,19965,0,Africa/Lagos,,,,False,True,1,1,,1,0,1558192594,0,False,battery,
403,28588,0,True,False,"UN0001_SW_Union Bank Oshodi, Lagos",9884e38d3134,19965,0,Africa/Lagos,,,,False,True,0,1,,1,0,1542296429,0,False,battery,
404,15716,0,True,False,"UN0002_NC_Union Bank Mangu, Plateau",f45eabf8eec0,19965,0,Africa/Lagos,,"<p>95 panels</p>

<p>16.5 Hp</p>

<p>33kVa</p>
",,True,True,0,0,,1,0,1509730364,0,False,battery,
405,15731,0,True,False,"UN0003_NC_Union Bank Pankshin, Langtang, Plateau",f45eab6adfaa,19965,0,Africa/Lagos,,,,False,True,0,0,,1,0,1509881721,0,False,battery,
406,15686,0,True,False,"UN0005_NE_Union Bank Mubi, Adamawa",f45eabfa06be,19965,0,Africa/Lagos,,,,False,True,0,0,,1,0,1509691508,0,False,generator,
407,15479,0,True,False,"UN0006_SE_Union Bank Emene, Enugu",94e36dce642d,19965,0,Africa/Lagos,,,,False,True,0,0,60.0,1,0,1508917530,0,False,battery,
408,16685,0,True,False,"UN0007_SS_Union Bank Unical, Cross River",9884e3b37ac1,19965,0,Africa/Lagos,,,,False,True,0,0,,1,0,1512830253,0,False,battery,
409,16229,0,True,False,"UN0008_SS_Union Bank Ogwashi-Uku, Delta",f45eabf801c5,19965,0,Africa/Lagos,,,,False,True,0,0,,1,0,1511423289,0,False,generator,
410,15511,0,True,False,"UN0009_NW_Union Bank Kofar Ruwa, Kano",04a316e7bffd,19965,0,Africa/Lagos,,,,False,True,0,0,,1,0,1509009680,0,False,battery,
411,15635,0,True,False,"UN0010_NE_Union Bank Michika, Adamawa",606405f0a5d8,19965,0,Africa/Lagos,,,,False,True,0,1,,1,0,1509543834,0,False,battery,
412,18587,0,True,False,"UN0011_SW_ Union Bank Akure Main, Alagbaka, Ondo",38d2692bc6fb,19965,0,Africa/Lagos,,,,False,True,0,0,,0,0,1519826735,0,False,generator,
413,15676,1,True,True,"UN0012_NC_Union Bank Adetokunbo, Wuse 2, Abuja, FCT",606405eff3af,19965,0,Africa/Lagos,,,,False,True,0,0,,1,0,1509640400,0,False,solar,
414,28405,1,True,True,"UN0013_NE_Union Bank Bajoga, Gombe",9884e3b31aad,19965,0,UTC,,,,False,True,1,1,,1,0,1541939566,0,False,solar,
415,17132,0,True,False,"UN0014_NC_Union Bank Anyigba, Kogi",985dadcac18d,19965,0,Africa/Lagos,,,,False,True,0,0,,1,0,1514803151,0,False,generator,
416,17333,0,True,False,"UN0015_SS_Union Bank Tinapa, Calabar, Cross River",606405e5c12a,19965,0,Africa/Lagos,,,,True,True,0,0,,1,0,1515747314,0,False,solar,
417,17211,0,True,False,"UN0016_SS_Union Bank Ovwian Aladje, Delta",606405e5d8b1,19965,0,Africa/Lagos,,,,False,True,1,1,,1,0,1515176212,0,False,battery,
418,17678,0,True,False,"UN0017_NC_Union Bank Gwagalada, FCT",985dadcb7669,19965,0,Africa/Lagos,,,,False,True,0,1,,1,0,1516881248,0,False,solar,
419,24353,0,True,False,"UN0018_NC_Union Bank Lokoja, Kogi",9884e3b37367,19965,0,UTC,,,,False,True,0,0,,1,0,1533570021,0,False,battery,
420,22634,0,True,False,"UN0019_NC_Union Bank Kabba, Kogi",985dadb3e5e1,19965,0,Africa/Lagos,,,,False,True,0,1,,1,0,1530271781,0,False,generator,
421,120340,1,True,True,UN0020_NC_Union Bank Shendam,3ca30856d420,19965,0,UTC,07064352366,,,False,True,0,0,,1,0,1627123150,0,False,battery,
422,21975,1,True,True,"UN0021_NW_Union Hotoro, Kano",985dadcacfbd,19965,0,Africa/Lagos,,,,False,True,0,0,,1,0,1528996398,0,False,battery,
423,26078,0,True,False,"UN0022_SS_Union Oyigbo,Rivers",94e36dd4ee5e,19965,0,Africa/Lagos,,,,False,True,0,1,,1,0,1537369748,0,False,generator,
424,17720,0,True,False,"UN0023_SW_Union Idanre, Ondo",985dadcb3450,19965,0,Africa/Lagos,,,,False,True,0,0,,1,0,1517049254,0,False,solar,
425,18554,1,True,True,UN0024_SS_ Union Airport Rd Benin,9884e3b3b5aa,19965,0,Africa/Lagos,,,,False,True,0,0,60.0,1,0,1519728734,0,False,generator,
426,19017,1,True,True,"UN0025_SS_Union Bank QIT  Eket,Uyo",9884e3b38121,19965,0,Africa/Lagos,,,,False,True,0,0,,1,0,1521403404,0,False,grid,
427,21605,1,True,True,"UN0026_SE_Union Nsukka, Enugu",985dadcafad0,19965,0,Africa/Lagos,,,,False,True,0,0,,1,0,1528193261,0,False,generator,
428,20115,1,True,True,"UN0027_SS_Union Warri Refinery,Delta",e8eb11e2ebda,19965,0,Africa/Lagos,,,,False,True,0,0,,1,0,1524744668,0,False,generator,
429,29471,1,True,True,"UN0028_SS_Union Oghara, Delta State",6064055014e0,19965,0,Africa/Lagos,,,,False,True,0,0,,1,0,1544196880,0,False,generator,
430,21507,1,True,True,"UN0029_SS_Union Ikot Edibon, Akwa Ibom",9884e3aefdcf,19965,0,Africa/Lagos,,,,False,True,0,0,,1,0,1527950034,0,False,battery,
431,20084,1,True,True,"UN0030_SS_Union Ozoro, Delta",508cb1e231a0,19965,0,Africa/Lagos,,,,False,True,0,0,,1,0,1524670570,0,False,battery,
432,19863,1,True,True,"UN0031_NC_Union Bida, Niger",508cb1c3d2ae,19965,0,Africa/Lagos,,,,False,True,0,0,,1,0,1524137071,0,False,battery,
433,103488,1,True,True,UN0032_SW_UNION BANK OREGUN,0479b7ec4ce9,19965,0,UTC,08094902326,,,False,True,0,0,,1,0,1618135558,0,False,battery,
434,24085,1,True,True,"UN0033_NC_Union Lafiagi, Kwara",9884e3aedd20,19965,0,Africa/Lagos,,,,False,True,0,0,,1,0,1533042063,0,False,battery,
435,23216,1,True,True,"UN0034_SS_Union Onne, Rivers",9884e39bdca3,19965,0,Africa/Lagos,,,,False,True,0,1,,1,0,1531491129,0,False,battery,
436,63326,1,True,True,"UN0035_SS_Union Bank Oleh, Delta",7c3866551d45,19965,0,Africa/Lagos,07067036906,,,False,True,1,1,,1,0,1592827384,0,False,generator,
437,23347,0,True,False,"UN0036_SW_Union Ogbomosho, Oyo",9884e3b32281,19965,0,Africa/Lagos,,,,False,True,0,1,,1,0,1531845674,0,False,battery,
438,30002,1,True,True,"UN0037_NC_Union Minna, Niger",9884e3b332ad,19965,0,UTC,,,,False,True,1,1,,1,0,1545237261,0,False,battery,
439,23012,1,True,True,"UN0038_NC_Union Suleja, Niger",9884e3aef695,19965,0,Africa/Lagos,,,,False,True,0,0,,1,0,1531130141,0,False,battery,
440,32130,1,True,True,"UN0042_NE_Union Bank Kashere, Gombe",6064054fad4d,19965,0,UTC,,,,False,True,0,0,,1,0,1550667167,0,False,battery,
441,31098,1,True,True,"UN0043_SE_Union Udi, Enugu",606405073488,19965,0,Africa/Lagos,,,,False,True,0,1,,1,0,1548520557,0,False,solar,
442,42560,1,True,True,"UN0045_SW_Union Bank Admiralty Way, Lekki, Lagos",985dadcab77d,19965,0,Africa/Lagos,,,,False,True,1,1,,1,0,1566899751,0,False,solar,
443,34977,1,True,True,"UN0046_SS_Union Transamadi, Rivers",6064054fc0aa,19965,0,Africa/Lagos,08106372458,,,False,True,1,1,,1,0,1555515141,0,False,generator,
444,44420,1,True,True,UN0048_NC_MASAKA NASSARAWA,9884e38d3128,19965,0,UTC,,,,False,True,1,1,,1,0,1569352927,0,False,battery,
445,43856,1,True,True,UN0049_SS_UNION MARIAN CALABAR,6064050e1f70,19965,0,UTC,,,,False,True,1,1,,1,0,1568554607,0,False,generator,
446,48048,1,True,True,"UN0050_SE_UNION EKWULOBIA, ANAMBRA STATE",c4f31281b6cf,19965,0,UTC,08073468783,,,False,True,0,0,,1,0,1574009938,0,False,battery,
447,40802,1,True,True,UN0051_NW_Kanti Kwari Kano,985dadcb84f8,19965,0,UTC,,,,False,True,0,0,,2,0,1564400778,0,False,solar,
448,34765,1,True,True,"UN0053_SS_Union Bori, Rivers",6064054c6223,19965,0,Africa/Lagos,,,,False,True,1,1,,1,0,1555172413,0,False,battery,
449,38629,0,True,False,"UN0054_SS_Union Warri Main, Delta",6064055019b7,19965,0,Africa/Lagos,0810 088 5887,,,False,True,1,1,,1,0,1561121154,0,False,battery,
450,41160,1,True,True,UN0055_NC_Union MM Way Ilorin,6064054c8408,19965,0,Africa/Lagos,,,,False,True,0,0,,1,0,1564930238,0,False,grid,
451,43858,1,True,True,"UN0056_SW_Union Bank Badagry, Lagos",6064054ce610,19965,0,UTC,09011502810,,,False,True,0,0,,1,0,1568559420,0,False,generator,
452,50693,1,True,True,"UN0058_SW_Union Bank Wharf Road, Apapa, Lagos",6064054c7dc8,19965,0,Africa/Lagos,07032913259,,,False,True,1,1,,1,0,1577727624,0,False,generator,
453,43200,1,True,True,"UN0059_NC_Union Makurdi Main, Benue",6064054c662a,19965,0,UTC,,,,False,True,0,0,,1,0,1567706986,0,False,generator,
454,42903,0,True,False,"UN0060_SW_Union Akure Market, Akure, Ondo",9884e38d0721,19965,0,Africa/Lagos,0807,,,False,True,1,1,,1,0,1567357396,0,False,generator,
455,40992,1,True,True,"UN0061_NW_Kaduna South, Kaduna",6064054ce679,19965,0,UTC,,,,False,True,0,0,,1,0,1564648800,0,False,generator,
456,41554,0,True,False,"UN0062_SW_Union Ota, Ogun",9884e396925e,19965,0,UTC,,,,False,True,1,1,,1,0,1565449185,0,False,generator,
457,43842,1,True,True,"UN0063_SE_Union Bank Abakaliki, Ebonyi",6064050e1826,19965,0,Africa/Lagos,09012112048,,,False,True,1,1,,1,0,1568489496,0,False,solar,
458,41425,1,True,True,"UN0064_SE_Union Okpara Avenue, Enugu",9884e38a3493,19965,0,Africa/Lagos,,,,False,True,1,1,,1,0,1565259918,0,False,battery,
459,42894,1,True,True,"UN0065_SE_Union New Market, Anambra",606405501483,19965,0,UTC,,,,False,True,1,1,,1,0,1567347355,0,False,generator,
460,41565,1,True,True,UN0066_SE_Union Bank Okigwe Imo State,6064054ce67c,19965,0,UTC,,,,False,True,1,1,,1,0,1565508987,0,False,battery,
461,41825,1,True,True,"UN0067_SE_ Union Factory Road, Aba",94e36dce4aad,19965,0,Africa/Lagos,09012069235,,,False,True,0,0,,1,0,1565797058,0,False,generator,
462,43120,1,True,True,"UN0068_SS_Union Ughelli, Delta",9884e38d40c3,19965,0,UTC,,,,False,True,0,0,,1,0,1567608562,0,False,battery,
463,44689,1,True,True,"UN0069_SS_Union Bank Uyo Main, Akwa Ibom",9884e39849ad,19965,0,Africa/Lagos,,,,False,True,1,1,300.0,1,0,1569667073,0,False,battery,
464,45194,1,True,True,"UN0072_NE_Union Bank Jalingo, Taraba",6064054c886f,19965,0,Africa/Lagos,,,,False,True,0,0,,1,0,1570276423,0,False,generator,
465,47556,1,True,True,"UN0073_NE_UNion  Bank Bauchi Main, Bauchi, Bauchi",9884e39bdc97,19965,0,UTC,,,,False,True,0,0,,1,0,1573393127,0,False,solar,
466,44598,1,True,True,"UN0074_SS_Union Bank Abak, Akwa-Ibom",6064054fbde2,19965,0,Africa/Lagos,,,,False,True,0,0,,1,0,1569511923,0,False,solar,
467,41129,1,True,True,"UN0075_SS_Union Effunrun Main, Warri, Delta",6064054fb2ec,19965,0,Africa/Lagos,,,,False,True,1,1,,1,0,1564833079,0,False,solar,
468,39878,1,True,True,"UN0076_SE_Union Bright Street Onitsha, Anambra",9884e396841d,19965,0,UTC,,,,False,True,1,1,,1,0,1563108302,0,False,generator,
469,39213,1,True,True,"UN0077_SE_Union Bank Niger Bridge Head, Onitsha, Anambra",9884e38d0733,19965,0,UTC,,,,False,True,1,1,,1,0,1562080440,0,False,battery,
470,39041,1,True,True,"UN0078_SE_Union Bank Atani Road, Anambra",6064054c6208,19965,0,Africa/Lagos,,,,False,True,0,0,,1,0,1561804582,0,False,battery,
471,41138,1,True,True,"UN0079_SE_Union Nkpor Junction, Anambra",0cb2b7cc5ee3,19965,0,Africa/Lagos,,,,False,True,0,0,,1,0,1564854986,0,False,generator,
472,62556,1,True,True,UN0080_NE_Gombe Gombe,4c3fd33ec46c,19965,0,UTC,,,,False,True,0,0,,1,0,1592126174,0,False,battery,
473,47063,1,True,True,"UN0080_NE_Gombe Main, Gombe (Old)",9884e3967418,19965,0,UTC,,,,False,True,1,1,,1,0,1572794534,0,False,battery,
474,38941,0,True,False,"UN0081_SW_Union Bank, 3rd Avenue, Festac, Lagos",6064054c841d,19965,0,Africa/Lagos,08187133210,,,False,True,1,1,,1,0,1561648938,0,False,solar,
475,41108,1,True,True,"UN0082_SW_Union Bank Creek Road Apapa, Lagos",6064054c8474,19965,0,Africa/Lagos,,,,False,True,1,1,,1,0,1564761804,0,False,generator,
476,47630,1,True,True,UN0083_NE_Maiduguri Main Borno,6064054c722a,19965,0,UTC,,,,False,True,0,0,,1,0,1573503272,0,False,generator,
477,47558,1,True,True,UN0084_NW_Katsina Main,6064054c5e19,19965,0,UTC,,,,False,True,0,0,,1,0,1573395885,0,False,battery,
478,90491,1,True,True,un0085,507224b752ab - USEDASREPLACEMENT,19965,0,UTC,,,,False,True,1,1,,1,0,1609166756,0,False,solar,
479,40411,1,True,True,"UN0085_SS_ Union Airport Road Warri, Delta",507224b752ab,19965,0,Africa/Lagos,09065770083,,,False,True,0,0,,1,0,1563889277,0,False,battery,
480,41176,1,True,True,"UN0086_SS_Union Akpakpava Main, Benin, Edo",6064054cc00c,19965,0,Africa/Lagos,,,,False,True,1,1,,1,0,1564983549,0,False,battery,
481,42021,0,True,False,"UN0087_SS_Union Ikwerre Road, Port Harcourt, Rivers",60640527a3a4,19965,0,Africa/Lagos,,,,False,True,0,0,,1,0,1566136275,0,False,generator,
482,42920,1,True,True,"UN0088_SW_Union Bank Aspamda, Trade Fair, Lagos",9884e38cfe4c,19965,0,Africa/Lagos,,,,False,True,1,1,,1,0,1567407066,0,False,grid,
483,42667,1,True,True,"UN0089_SW_Union  Bank Bariga, Lagos",6064054c6666,19965,0,UTC,,,,False,True,0,0,,1,0,1566994469,0,False,battery,
484,43703,1,True,True,"UN0090_SE_Union Bank Aboh Mbaise, Imo",6064054ff268,19965,0,Africa/Lagos,,,,False,True,0,0,,1,0,1568301326,0,False,generator,
485,44747,0,True,False,"UN0091_SE_Union Bank Agbani, Enugu",6064054c6244,19965,0,UTC,08169109395,,,False,True,0,0,,1,0,1569822948,0,False,battery,
486,43874,0,True,False,"UN0092_SE_Union Bank 9th Mile, Enugu",9884e38d314f,19965,0,UTC,08133522463,,,False,True,0,0,,1,0,1568616427,0,False,battery,
487,43404,1,True,True,"UN0093_SS_Union Bank Ogoja, Cross River",9884e3968453,19965,0,UTC,,,,False,True,0,0,,1,0,1568031712,0,False,solar,
488,43528,1,True,True,UN0094_SW_UNION SAGAMU,6064054fb849,19965,0,UTC,08149834974,,,False,True,1,1,,1,0,1568133117,0,False,grid,
489,43417,1,True,True,"UN0095_SE_Union Bank Abagana, Anambra",9884e398498f,19965,0,Africa/Lagos,,,,False,True,0,0,,1,0,1568038000,0,False,generator,
490,46111,0,True,False,"UN0096_SW_Union Bank Agodi Gate, Ibadan, Oyo",9884e3968459,19965,0,Africa/Lagos,,,,False,True,1,1,,1,0,1571406334,0,False,battery,
491,48058,0,True,False,"UN0098_SW_Ode-Irele, Okitipupa, Ondo",9884e3964505,19965,0,Africa/Lagos,07032913259,,,False,True,1,1,,1,0,1574061585,0,False,solar,
492,48095,1,True,True,"UN0100_SE_Union Bank Ohafia, Abia",507224b29947,19965,0,UTC,,,,False,True,0,0,,1,0,1574095000,0,False,battery,
493,46931,1,True,True,UN0101_SW_UNION IKOTUN-EGBE,e8eb11e3c7fc,19965,0,UTC,08032464130,,,False,True,0,0,,1,0,1572544172,0,False,grid,
494,44238,0,True,False,"UN0103_SW_Union Bank Allen, Ikeja, Lagos",9884e3b3e0a6,19965,0,Africa/Lagos,07032809868,,,False,True,1,1,,1,0,1568990377,0,False,generator,
495,49628,1,True,True,"UN0104_SE_Union Bank Amawbia, Anambra",7c38665ab5b1,19965,0,UTC,,,,False,True,0,0,,1,0,1576000163,0,False,battery,
496,87811,1,True,True,"UN0105_SS_Union Bank Eket, Akwa Ibom",64cfd9909c2a,19965,0,Africa/Lagos,08033215451,,,False,True,0,0,,1,0,1606996965,0,False,battery,
497,98211,1,True,True,UN0109_SS_ Union bank Mission Rd Benin,7c669d4defd0,19965,0,UTC,,,,False,True,0,0,,1,0,1615055208,0,False,generator,
498,94275,1,True,True,UN0110_NE_Yola Main Branch Adamawa,1cba8cd59ca7,19965,0,UTC,08036448315,,,False,True,0,0,,1,0,1612370829,0,False,generator,
499,87325,1,True,True,"UN0111_SS_Union Bank 2nd Uyo, Akwa Ibom",1cba8cf6be89,19965,0,Africa/Lagos,08148928047,,,False,True,0,0,,1,0,1606663741,0,False,generator,
500,94027,1,True,True,UN0114_NC_LAFIA JOS ROAD,d0ff5039d4ce,19965,0,UTC,,,,False,True,0,0,,1,0,1612255794,0,False,battery,
501,93814,1,True,True,UN0115_NC_ KARU NASSARAWA,1cba8c9f81c2,19965,0,UTC,,,,False,True,1,1,,1,0,1612033747,0,False,battery,
502,92029,1,True,True,UN0117_SE_Union Nnewi Anambra State,c4f31281ea74,19965,0,UTC,09045321528,,,False,True,0,0,,1,0,1610818252,0,False,solar,
503,94297,1,True,True,"UN0118_SE_Union Bank Zik Avenue, Enugu State",d0ff5039b9a3,19965,0,UTC,,,,False,True,0,0,,1,0,1612381203,0,False,battery,
504,100346,1,True,True,"UN0119_SW_UNION BANK SABO, YABA,LAGOS",0479b7ec3e7c,19965,0,UTC,,,,False,True,1,1,,1,0,1616245055,0,False,grid,
505,92024,1,True,True,UN0120_SW_Union bank Abeokuta,7c669d45d719,19965,0,UTC,09010273546,,,False,True,1,1,,1,0,1610815743,0,False,solar,
506,96453,1,True,True,"UN0121_NE_Union Damaturu, Yobe",d0ff50398dde,19965,0,UTC,08036448315,,,False,True,0,0,,1,0,1613915623,0,False,battery,
507,89906,0,True,False,"UN0122_SW_UNION BANK ILARO, OGUN STATE",7c669d48b404,19965,0,UTC,,,,False,True,1,1,,1,0,1608466807,0,False,solar,
508,99405,1,True,True,UN0123_SS_Union Bank Sapele,d0ff5055e02f,19965,0,UTC,,,,False,True,1,1,,1,0,1615809978,0,False,battery,
509,92069,1,True,True,UN0124_SS_Union Bank Calabar Main,64cfd99086eb,19965,0,Africa/Lagos,,,,True,True,0,0,,1,0,1610898380,0,False,grid,
510,96388,1,True,True,UN0125_NC_Union Bank Road Makurdi,c4f31281bc12,19965,0,UTC,07064352366,,,False,True,1,1,,1,0,1613826296,0,False,battery,
511,99945,1,True,True,UN0126_SE_Union bank Asaba.,1cba8c9f761c,19965,0,UTC,,,,False,True,0,0,,1,0,1616052708,0,False,solar,
512,89787,0,True,False,"UN0127_SW_Union Bank Challenge, Ibadan, Oyo",d0ff50efa290,19965,0,UTC,,,,False,True,1,1,,1,0,1608310030,0,False,generator,
513,91323,1,True,True,"UN0129_NW_Union Bank Samaru Zaria, Kaduna",507224b29245,19965,0,UTC,,,,False,True,1,1,,1,0,1610201688,0,False,battery,
514,99216,1,True,True,UN0130_SW_UBN ADENIJI ADELE,d0ff503997d5,19965,0,UTC,09045715949,,,False,True,1,1,,1,0,1615637028,0,False,battery,
515,79392,1,True,True,"UN0131_NW_Union Bank Sokoto Main, Sokoto",1cba8ce0b04f,19965,0,UTC,,,,False,True,0,0,,1,0,1606135219,0,False,battery,
516,90403,1,True,True,"UN0132_NW_Union Bank PZ Zaria, Kaduna",c4f31281debc,19965,0,UTC,,,,False,True,1,1,,1,0,1609007256,0,False,battery,
517,89425,1,True,True,"UN0134_SW_Union Bank Okokomaiko, Lagos",1cba8cf6ae37,19965,0,Africa/Lagos,09045531589,,,True,True,0,0,,1,0,1608128624,0,False,solar,
518,90724,1,True,True,"UN0135_NE_Union Bank Guyuk, Adamawa",d0ff505d1cd0,19965,0,UTC,+2348036448315,,,False,True,0,0,,1,0,1609498799,0,False,generator,
519,94117,1,True,True,"UN0136_NW_Union Bank Yahaya Madaki Road, Katsina",7c669d4de301,19965,0,UTC,,,,False,True,1,1,,1,0,1612285401,0,False,generator,
520,108660,1,True,True,UN0137_NC_Union Bank_Langtang,0479b7e7940a,19965,0,UTC,07064352366,,,False,True,0,0,,1,0,1621015759,0,False,solar,
521,99068,1,True,True,UN0138_SW_UNION BANK FADEYI LAGOS,04a316c7365d,19965,0,Africa/Lagos,08094902332,,,False,True,1,1,,1,0,1615551031,0,False,generator,
522,96393,1,True,True,UN0139_SW_Ijebu-Ode,507224b272f4,19965,0,Africa/Lagos,09010210226,,,True,True,0,0,,1,0,1613831543,0,False,solar,
523,47832,0,True,False,"WB0001_SW_Wema Bank Ikorodu, Lagos",9884e39652a5,19965,0,Africa/Lagos,09019726733,,,False,True,1,1,,1,0,1573658828,0,False,battery,
524,67643,1,True,True,"WB0002_SW_Wema Bank Oregun,Lagos",68c90bbbe232,19965,0,Africa/Lagos,08094902335,,,False,True,0,0,,1,0,1596471787,0,False,solar,
525,135719,1,True,True,WB0003_SW_WEMA BANK DUGBE,0cb2b7b96d7a,19965,0,Africa/Lagos,,,,True,True,0,0,,1,0,1635518120,0,False,generator,
526,136071,1,True,True,"WB004_SW_WEMA BANK ALABA, LAGOS",0cb2b7cc62f7,19965,0,Africa/Lagos,,,,True,True,1,1,,1,0,1635774806,0,False,solar,
