,SiteID,timestamp,Device,instance,idDataAttribute,description,code,formattedValue,rawValue
0,6669,1635951354,VE.Bus System,0,40,VE.Bus state,S,Inverting,9
1,6669,1635951354,VE.Bus System,288,40,VE.Bus state,S,Inverting,9
2,6669,1543890108,VE.Bus System,289,40,VE.Bus state,S,Inverting,9
3,6677,1635951392,VE.Bus System,0,40,VE.Bus state,S,Inverting,9
4,6677,1607513844,VE.Bus System,288,40,VE.Bus state,S,Inverting,9
5,6677,1584034749,VE.Bus System,289,40,VE.Bus state,S,Inverting,9
6,6677,1557132251,VE.Bus System,290,40,VE.Bus state,S,Inverting,9
7,6805,1635951359,VE.Bus System,0,40,VE.Bus state,S,Bulk,3
8,6805,1635951359,VE.Bus System,288,40,VE.Bus state,S,Inverting,9
9,6805,1545245187,VE.Bus System,289,40,VE.Bus state,S,Inverting,9
10,6805,1545532620,VE.Bus System,290,40,VE.Bus state,S,Inverting,9
11,7486,1635951069,VE.Bus System,0,40,VE.Bus state,S,Bulk,3
12,7486,1634321341,VE.Bus System,288,40,VE.Bus state,S,Inverting,9
13,7486,1559098816,VE.Bus System,289,40,VE.Bus state,S,Inverting,9
14,7486,1558679852,VE.Bus System,290,40,VE.Bus state,S,Inverting,9
15,7486,1556301585,VE.Bus System,291,40,VE.Bus state,S,Inverting,9
16,7486,1543828138,VE.Bus System,292,40,VE.Bus state,S,Inverting,9
17,7525,1635339721,VE.Bus System,0,40,VE.Bus state,S,Inverting,9
18,7525,1635339721,VE.Bus System,288,40,VE.Bus state,S,Inverting,9
19,12672,1635951362,VE.Bus System,0,40,VE.Bus state,S,Inverting,9
20,12672,1635951362,VE.Bus System,288,40,VE.Bus state,S,Inverting,9
21,15676,1635951380,VE.Bus System,0,40,VE.Bus state,S,Inverting,9
22,15676,1635951380,VE.Bus System,288,40,VE.Bus state,S,Inverting,9
23,17160,1635951364,VE.Bus System,261,40,VE.Bus state,S,Float,5
24,17160,1629616914,VE.Bus System,288,40,VE.Bus state,S,Inverting,9
25,17206,1635951357,VE.Bus System,261,40,VE.Bus state,S,Inverting,9
26,17206,1635951357,VE.Bus System,288,40,VE.Bus state,S,Inverting,9
27,18342,1635951375,VE.Bus System,261,40,VE.Bus state,S,Float,5
28,18342,1635951375,VE.Bus System,288,40,VE.Bus state,S,Inverting,9
29,18554,1635951411,VE.Bus System,261,40,VE.Bus state,S,Bulk,3
30,18554,1635951411,VE.Bus System,288,40,VE.Bus state,S,Inverting,9
31,19017,1635951359,VE.Bus System,261,40,VE.Bus state,S,Absorption,4
32,19017,1635951359,VE.Bus System,288,40,VE.Bus state,S,Inverting,9
33,19017,1554386793,VE.Bus System,289,40,VE.Bus state,S,Inverting,9
34,19379,1542616744,VE.Bus System,261,40,VE.Bus state,S,Bulk,3
35,19418,1597744401,VE.Bus System,261,40,VE.Bus state,S,Inverting,9
36,19418,1597410638,VE.Bus System,288,40,VE.Bus state,S,Inverting,9
37,19863,1635950860,VE.Bus System,0,40,VE.Bus state,S,Inverting,9
38,19863,1635950860,VE.Bus System,288,40,VE.Bus state,S,Inverting,9
39,20084,1635362708,VE.Bus System,0,40,VE.Bus state,S,Bulk,3
40,20084,1635362708,VE.Bus System,288,40,VE.Bus state,S,Inverting,9
41,20084,1543864073,VE.Bus System,289,40,VE.Bus state,S,Inverting,9
42,20114,1635951403,VE.Bus System,0,40,VE.Bus state,S,Inverting,9
43,20114,1635951403,VE.Bus System,288,40,VE.Bus state,S,Inverting,9
44,20115,1635951406,VE.Bus System,0,40,VE.Bus state,S,Bulk,3
45,20115,1635951406,VE.Bus System,288,40,VE.Bus state,S,Inverting,9
46,20115,1544148988,VE.Bus System,289,40,VE.Bus state,S,Inverting,9
47,21507,1635205998,VE.Bus System,261,40,VE.Bus state,S,Inverting,9
48,21507,1635205998,VE.Bus System,288,40,VE.Bus state,S,Inverting,9
49,21605,1635951355,VE.Bus System,261,40,VE.Bus state,S,Inverting,9
50,21605,1635951355,VE.Bus System,288,40,VE.Bus state,S,Inverting,9
51,21605,1550492712,VE.Bus System,289,40,VE.Bus state,S,Inverting,9
52,21975,1635951214,VE.Bus System,261,40,VE.Bus state,S,Inverting,9
53,21975,1635951214,VE.Bus System,288,40,VE.Bus state,S,Inverting,9
54,22116,1635230539,VE.Bus System,261,40,VE.Bus state,S,Inverting,9
55,22116,1635230539,VE.Bus System,288,40,VE.Bus state,S,Inverting,9
56,22148,1635950835,VE.Bus System,261,40,VE.Bus state,S,Inverting,9
57,22148,1635950835,VE.Bus System,288,40,VE.Bus state,S,Inverting,9
58,22148,1608029838,VE.Bus System,289,40,VE.Bus state,S,Inverting,9
59,23012,1635951390,VE.Bus System,261,40,VE.Bus state,S,Inverting,9
60,23012,1635951390,VE.Bus System,288,40,VE.Bus state,S,Inverting,9
61,23216,1635950537,VE.Bus System,261,40,VE.Bus state,S,Inverting,9
62,23216,1635950537,VE.Bus System,288,40,VE.Bus state,S,Inverting,9
63,24085,1635951382,VE.Bus System,261,40,VE.Bus state,S,Inverting,9
64,24085,1551722806,VE.Bus System,288,40,VE.Bus state,S,Inverting,9
65,24085,1551740210,VE.Bus System,289,40,VE.Bus state,S,Inverting,9
66,24085,1551768386,VE.Bus System,290,40,VE.Bus state,S,Inverting,9
67,24085,1551074813,VE.Bus System,291,40,VE.Bus state,S,Inverting,9
68,24085,1551075417,VE.Bus System,292,40,VE.Bus state,S,Inverting,9
69,24085,1551075877,VE.Bus System,293,40,VE.Bus state,S,Inverting,9
70,24085,1550522203,VE.Bus System,294,40,VE.Bus state,S,Inverting,9
71,24085,1549981705,VE.Bus System,295,40,VE.Bus state,S,Inverting,9
72,24085,1549072474,VE.Bus System,296,40,VE.Bus state,S,Inverting,9
73,24085,1549119848,VE.Bus System,297,40,VE.Bus state,S,Inverting,9
74,24085,1550127980,VE.Bus System,298,40,VE.Bus state,S,Inverting,9
75,24085,1549150302,VE.Bus System,299,40,VE.Bus state,S,Inverting,9
76,24085,1549072531,VE.Bus System,300,40,VE.Bus state,S,Inverting,9
77,24085,1547662083,VE.Bus System,302,40,VE.Bus state,S,Inverting,9
78,27014,1635244431,VE.Bus System,261,40,VE.Bus state,S,Float,5
79,27014,1635244431,VE.Bus System,288,40,VE.Bus state,S,Inverting,9
80,27269,1635951411,VE.Bus System,261,40,VE.Bus state,S,Absorption,4
81,27269,1631225431,VE.Bus System,288,40,VE.Bus state,S,Inverting,9
82,27501,1633336043,VE.Bus System,261,40,VE.Bus state,S,Inverting,9
83,27501,1579105207,VE.Bus System,288,40,VE.Bus state,S,Inverting,9
84,27501,1583992738,VE.Bus System,289,40,VE.Bus state,S,Inverting,9
85,27736,1633947648,VE.Bus System,261,40,VE.Bus state,S,Inverting,9
86,27736,1633947648,VE.Bus System,288,40,VE.Bus state,S,Inverting,9
87,28405,1635950987,VE.Bus System,261,40,VE.Bus state,S,Inverting,9
88,29471,1635951356,VE.Bus System,261,40,VE.Bus state,S,Absorption,4
89,29471,1635951356,VE.Bus System,288,40,VE.Bus state,S,Inverting,9
90,30002,1635951160,VE.Bus System,261,40,VE.Bus state,S,Inverting,9
91,30002,1635951160,VE.Bus System,288,40,VE.Bus state,S,Inverting,9
92,30027,1635951263,VE.Bus System,261,40,VE.Bus state,S,Bulk,3
93,30027,1635951263,VE.Bus System,288,40,VE.Bus state,S,Inverting,9
94,30195,1635951379,VE.Bus System,261,40,VE.Bus state,S,Inverting,9
95,30195,1635951379,VE.Bus System,288,40,VE.Bus state,S,Inverting,9
96,30195,1558612963,VE.Bus System,289,40,VE.Bus state,S,Inverting,9
97,30195,1563022820,VE.Bus System,290,40,VE.Bus state,S,Inverting,9
98,30509,1635951382,VE.Bus System,261,40,VE.Bus state,S,Inverting,9
99,30509,1635951382,VE.Bus System,288,40,VE.Bus state,S,Inverting,9
100,30729,1635950697,VE.Bus System,261,40,VE.Bus state,S,Inverting,9
101,30729,1635950697,VE.Bus System,288,40,VE.Bus state,S,Inverting,9
102,31010,1635950615,VE.Bus System,261,40,VE.Bus state,S,Inverting,9
103,31010,1635950615,VE.Bus System,288,40,VE.Bus state,S,Inverting,9
104,31098,1635676064,VE.Bus System,261,40,VE.Bus state,S,Inverting,9
105,31098,1635676064,VE.Bus System,288,40,VE.Bus state,S,Inverting,9
106,31240,1635951407,VE.Bus System,261,40,VE.Bus state,S,Absorption,4
107,31240,1635951407,VE.Bus System,288,40,VE.Bus state,S,Inverting,9
108,31306,1635951370,VE.Bus System,261,40,VE.Bus state,S,Bulk,3
109,31306,1635951370,VE.Bus System,288,40,VE.Bus state,S,Inverting,9
110,31307,1588845003,VE.Bus System,261,40,VE.Bus state,S,Off,0
111,31406,1635951407,VE.Bus System,261,40,VE.Bus state,S,Bulk,3
112,31406,1635951407,VE.Bus System,288,40,VE.Bus state,S,Inverting,9
113,31408,1635951367,VE.Bus System,261,40,VE.Bus state,S,Float,5
114,31408,1635951367,VE.Bus System,288,40,VE.Bus state,S,Inverting,9
115,31644,1635950937,VE.Bus System,261,40,VE.Bus state,S,Inverting,9
116,32130,1635950911,VE.Bus System,261,40,VE.Bus state,S,Inverting,9
117,32130,1635950911,VE.Bus System,288,40,VE.Bus state,S,Inverting,9
118,33561,1635951387,VE.Bus System,261,40,VE.Bus state,S,Bulk,3
119,33561,1635951387,VE.Bus System,288,40,VE.Bus state,S,Inverting,9
120,33666,1634420817,VE.Bus System,261,40,VE.Bus state,S,Inverting,9
121,33666,1634420817,VE.Bus System,288,40,VE.Bus state,S,Inverting,9
122,33861,1635692604,VE.Bus System,261,40,VE.Bus state,S,Storage,6
123,33861,1635692604,VE.Bus System,288,40,VE.Bus state,S,Inverting,9
124,33861,1553699920,VE.Bus System,289,40,VE.Bus state,S,Inverting,9
125,34078,1635951354,VE.Bus System,261,40,VE.Bus state,S,Bulk,3
126,34078,1635951354,VE.Bus System,288,40,VE.Bus state,S,Inverting,9
127,34765,1635951410,VE.Bus System,261,40,VE.Bus state,S,Inverting,9
128,34765,1635951410,VE.Bus System,288,40,VE.Bus state,S,Inverting,9
129,34782,1635950760,VE.Bus System,261,40,VE.Bus state,S,Inverting,9
130,34782,1635950760,VE.Bus System,288,40,VE.Bus state,S,Inverting,9
131,34782,1556624306,VE.Bus System,289,40,VE.Bus state,S,Inverting,9
132,34782,1556976251,VE.Bus System,290,40,VE.Bus state,S,Inverting,9
133,34782,1557134136,VE.Bus System,291,40,VE.Bus state,S,Inverting,9
134,34977,1635951370,VE.Bus System,261,40,VE.Bus state,S,Inverting,9
135,34977,1635951370,VE.Bus System,288,40,VE.Bus state,S,Inverting,9
136,36736,1634906410,VE.Bus System,261,40,VE.Bus state,S,Inverting,9
137,36736,1634906410,VE.Bus System,288,40,VE.Bus state,S,Inverting,9
138,36736,1559646514,VE.Bus System,289,40,VE.Bus state,S,Inverting,9
139,36736,1559657885,VE.Bus System,290,40,VE.Bus state,S,Inverting,9
140,39041,1635191790,VE.Bus System,261,40,VE.Bus state,S,Inverting,9
141,39041,1635191790,VE.Bus System,288,40,VE.Bus state,S,Inverting,9
142,39213,1635951397,VE.Bus System,261,40,VE.Bus state,S,Bulk,3
143,39213,1635951397,VE.Bus System,288,40,VE.Bus state,S,Inverting,9
144,39878,1635951377,VE.Bus System,261,40,VE.Bus state,S,Bulk,3
145,39878,1635951377,VE.Bus System,288,40,VE.Bus state,S,Inverting,9
146,40411,1635951392,VE.Bus System,261,40,VE.Bus state,S,Bulk,3
147,40411,1635951392,VE.Bus System,288,40,VE.Bus state,S,Inverting,9
148,40766,1635951371,VE.Bus System,261,40,VE.Bus state,S,Inverting,9
149,40766,1635951371,VE.Bus System,288,40,VE.Bus state,S,Inverting,9
150,40802,1635951395,VE.Bus System,261,40,VE.Bus state,S,Inverting,9
151,40802,1635951395,VE.Bus System,288,40,VE.Bus state,S,Inverting,9
152,40992,1635951279,VE.Bus System,261,40,VE.Bus state,S,Inverting,9
153,40992,1635951279,VE.Bus System,288,40,VE.Bus state,S,Inverting,9
154,41108,1635951365,VE.Bus System,261,40,VE.Bus state,S,Storage,6
155,41129,1635951398,VE.Bus System,261,40,VE.Bus state,S,Inverting,9
156,41129,1635951398,VE.Bus System,288,40,VE.Bus state,S,Inverting,9
157,41138,1635951126,VE.Bus System,261,40,VE.Bus state,S,Inverting,9
158,41138,1635951126,VE.Bus System,288,40,VE.Bus state,S,Inverting,9
159,41160,1635951395,VE.Bus System,261,40,VE.Bus state,S,Inverting,9
160,41160,1635951395,VE.Bus System,288,40,VE.Bus state,S,Inverting,9
161,41176,1635951380,VE.Bus System,261,40,VE.Bus state,S,Absorption,4
162,41176,1635951380,VE.Bus System,288,40,VE.Bus state,S,Inverting,9
163,41425,1635951379,VE.Bus System,261,40,VE.Bus state,S,Inverting,9
164,41425,1635951379,VE.Bus System,288,40,VE.Bus state,S,Inverting,9
165,41565,1635951361,VE.Bus System,261,40,VE.Bus state,S,Bulk,3
166,41565,1635951361,VE.Bus System,288,40,VE.Bus state,S,Inverting,9
167,41825,1635950561,VE.Bus System,261,40,VE.Bus state,S,Bulk,3
168,41825,1631901607,VE.Bus System,288,40,VE.Bus state,S,Inverting,9
169,42023,1635951405,VE.Bus System,261,40,VE.Bus state,S,Bulk,3
170,42023,1635951405,VE.Bus System,288,40,VE.Bus state,S,Inverting,9
171,42560,1635951399,VE.Bus System,261,40,VE.Bus state,S,Storage,6
172,42560,1635951399,VE.Bus System,288,40,VE.Bus state,S,Inverting,9
173,42667,1635951357,VE.Bus System,261,40,VE.Bus state,S,Inverting,9
174,42667,1635951357,VE.Bus System,288,40,VE.Bus state,S,Inverting,9
175,42894,1635951394,VE.Bus System,261,40,VE.Bus state,S,Bulk,3
176,42920,1635951377,VE.Bus System,261,40,VE.Bus state,S,Inverting,9
177,42972,1633518437,VE.Bus System,261,40,VE.Bus state,S,Bulk,3
178,42972,1633518437,VE.Bus System,288,40,VE.Bus state,S,Inverting,9
179,43120,1635951387,VE.Bus System,261,40,VE.Bus state,S,Absorption,4
180,43120,1635951387,VE.Bus System,288,40,VE.Bus state,S,Inverting,9
181,43200,1635951325,VE.Bus System,261,40,VE.Bus state,S,Absorption,4
182,43200,1635951325,VE.Bus System,288,40,VE.Bus state,S,Inverting,9
183,43404,1635951400,VE.Bus System,261,40,VE.Bus state,S,Inverting,9
184,43404,1635951400,VE.Bus System,288,40,VE.Bus state,S,Inverting,9
185,43417,1635951388,VE.Bus System,261,40,VE.Bus state,S,Bulk,3
186,43417,1635951388,VE.Bus System,288,40,VE.Bus state,S,Inverting,9
187,43528,1635951372,VE.Bus System,261,40,VE.Bus state,S,Bulk,3
188,43703,1635951353,VE.Bus System,261,40,VE.Bus state,S,Inverting,9
189,43703,1635951353,VE.Bus System,288,40,VE.Bus state,S,Inverting,9
190,43842,1634212111,VE.Bus System,261,40,VE.Bus state,S,Inverting,9
191,43842,1635951399,VE.Bus System,288,40,VE.Bus state,S,Inverting,9
192,43856,1635951377,VE.Bus System,261,40,VE.Bus state,S,Inverting,9
193,43856,1576650845,VE.Bus System,288,40,VE.Bus state,S,Inverting,9
194,43858,1635951406,VE.Bus System,261,40,VE.Bus state,S,Inverting,9
195,44420,1635951318,VE.Bus System,261,40,VE.Bus state,S,Inverting,9
196,44420,1635951318,VE.Bus System,288,40,VE.Bus state,S,Inverting,9
197,44598,1635951411,VE.Bus System,261,40,VE.Bus state,S,Inverting,9
198,44598,1635951411,VE.Bus System,288,40,VE.Bus state,S,Inverting,9
199,44689,1635951363,VE.Bus System,261,40,VE.Bus state,S,Bulk,3
200,44689,1635951363,VE.Bus System,288,40,VE.Bus state,S,Inverting,9
201,44706,1635951369,VE.Bus System,261,40,VE.Bus state,S,Inverting,9
202,44729,1635951373,VE.Bus System,261,40,VE.Bus state,S,Inverting,9
203,44729,1569927657,VE.Bus System,288,40,VE.Bus state,S,Inverting,9
204,45074,1635951380,VE.Bus System,261,40,VE.Bus state,S,Inverting,9
205,45074,1635951380,VE.Bus System,288,40,VE.Bus state,S,Inverting,9
206,45194,1635951167,VE.Bus System,261,40,VE.Bus state,S,Bulk,3
207,45194,1635951167,VE.Bus System,288,40,VE.Bus state,S,Inverting,9
208,45231,1635951408,VE.Bus System,261,40,VE.Bus state,S,Bulk,3
209,45231,1635951408,VE.Bus System,288,40,VE.Bus state,S,Inverting,9
210,45679,1635951046,VE.Bus System,261,40,VE.Bus state,S,Bulk,3
211,46628,1635951395,VE.Bus System,261,40,VE.Bus state,S,Inverting,9
212,46628,1635951395,VE.Bus System,288,40,VE.Bus state,S,Inverting,9
213,46642,1635951263,VE.Bus System,261,40,VE.Bus state,S,Inverting,9
214,46642,1635951263,VE.Bus System,288,40,VE.Bus state,S,Inverting,9
215,46931,1635951328,VE.Bus System,0,40,VE.Bus state,S,Inverting,9
216,46931,1576207634,VE.Bus System,261,40,VE.Bus state,S,Float,5
217,47060,1635951375,VE.Bus System,261,40,VE.Bus state,S,Storage,6
218,47060,1635951375,VE.Bus System,288,40,VE.Bus state,S,Inverting,9
219,47063,1590286923,VE.Bus System,261,40,VE.Bus state,S,Inverting,9
220,47063,1572866074,VE.Bus System,288,40,VE.Bus state,S,Inverting,9
221,47556,1635951160,VE.Bus System,261,40,VE.Bus state,S,Inverting,9
222,47556,1635951160,VE.Bus System,288,40,VE.Bus state,S,Inverting,9
223,47558,1635951394,VE.Bus System,261,40,VE.Bus state,S,Inverting,9
224,47558,1635951394,VE.Bus System,288,40,VE.Bus state,S,Inverting,9
225,47630,1635950618,VE.Bus System,261,40,VE.Bus state,S,Inverting,9
226,47630,1635950618,VE.Bus System,288,40,VE.Bus state,S,Inverting,9
227,47759,1635951412,VE.Bus System,261,40,VE.Bus state,S,Inverting,9
228,47759,1631642406,VE.Bus System,288,40,VE.Bus state,S,Inverting,9
229,48036,1635951331,VE.Bus System,261,40,VE.Bus state,S,Inverting,9
230,48036,1626412664,VE.Bus System,288,40,VE.Bus state,S,Inverting,9
231,48039,1635951379,VE.Bus System,261,40,VE.Bus state,S,Inverting,9
232,48039,1635951379,VE.Bus System,288,40,VE.Bus state,S,Inverting,9
233,48048,1635951410,VE.Bus System,261,40,VE.Bus state,S,Inverting,9
234,48048,1635951410,VE.Bus System,288,40,VE.Bus state,S,Inverting,9
235,48095,1614857853,VE.Bus System,0,40,VE.Bus state,S,Inverting,9
236,48095,1635951370,VE.Bus System,261,40,VE.Bus state,S,Inverting,9
237,48095,1635951370,VE.Bus System,288,40,VE.Bus state,S,Inverting,9
238,48599,1635950785,VE.Bus System,261,40,VE.Bus state,S,Inverting,9
239,48599,1629914769,VE.Bus System,288,40,VE.Bus state,S,Inverting,9
240,49024,1635951387,VE.Bus System,261,40,VE.Bus state,S,Inverting,9
241,49038,1635951321,VE.Bus System,261,40,VE.Bus state,S,Bulk,3
242,49038,1635951321,VE.Bus System,288,40,VE.Bus state,S,Inverting,9
243,49049,1635951369,VE.Bus System,261,40,VE.Bus state,S,Bulk,3
244,49049,1601050090,VE.Bus System,288,40,VE.Bus state,S,Inverting,9
245,49084,1635951398,VE.Bus System,261,40,VE.Bus state,S,Inverting,9
246,49406,1635951361,VE.Bus System,261,40,VE.Bus state,S,Inverting,9
247,49406,1635951361,VE.Bus System,288,40,VE.Bus state,S,Inverting,9
248,49437,1635951412,VE.Bus System,261,40,VE.Bus state,S,Inverting,9
249,49437,1635951412,VE.Bus System,288,40,VE.Bus state,S,Inverting,9
250,49452,1625477098,VE.Bus System,261,40,VE.Bus state,S,Absorption,4
251,49452,1625477098,VE.Bus System,288,40,VE.Bus state,S,Inverting,9
252,49479,1635951190,VE.Bus System,261,40,VE.Bus state,S,Inverting,9
253,49479,1635951190,VE.Bus System,288,40,VE.Bus state,S,Inverting,9
254,49497,1635951197,VE.Bus System,261,40,VE.Bus state,S,Inverting,9
255,49497,1631973367,VE.Bus System,288,40,VE.Bus state,S,Inverting,9
256,49497,1628110632,VE.Bus System,290,40,VE.Bus state,S,Inverting,9
257,49628,1635951372,VE.Bus System,0,40,VE.Bus state,S,Inverting,9
258,49628,1635951372,VE.Bus System,288,40,VE.Bus state,S,Inverting,9
259,49823,1635951134,VE.Bus System,261,40,VE.Bus state,S,Inverting,9
260,49823,1635951134,VE.Bus System,288,40,VE.Bus state,S,Inverting,9
261,49948,1635951396,VE.Bus System,261,40,VE.Bus state,S,Inverting,9
262,49948,1635951396,VE.Bus System,288,40,VE.Bus state,S,Inverting,9
263,49992,1634313413,VE.Bus System,261,40,VE.Bus state,S,Inverting,9
264,49992,1634313413,VE.Bus System,288,40,VE.Bus state,S,Inverting,9
265,49996,1635951406,VE.Bus System,261,40,VE.Bus state,S,Inverting,9
266,49996,1635951406,VE.Bus System,288,40,VE.Bus state,S,Inverting,9
267,49999,1635951373,VE.Bus System,261,40,VE.Bus state,S,Bulk,3
268,49999,1635951373,VE.Bus System,288,40,VE.Bus state,S,Inverting,9
269,50004,1607344329,VE.Bus System,0,40,VE.Bus state,S,Absorption,4
270,50004,1635951310,VE.Bus System,261,40,VE.Bus state,S,Absorption,4
271,50162,1635951060,VE.Bus System,261,40,VE.Bus state,S,Bulk,3
272,50162,1635951060,VE.Bus System,288,40,VE.Bus state,S,Inverting,9
273,50509,1635206209,VE.Bus System,0,40,VE.Bus state,S,Inverting,9
274,50509,1615569854,VE.Bus System,288,40,VE.Bus state,S,Inverting,9
275,50513,1635950500,VE.Bus System,261,40,VE.Bus state,S,Inverting,9
276,50513,1635950500,VE.Bus System,288,40,VE.Bus state,S,Inverting,9
277,50619,1635950614,VE.Bus System,0,40,VE.Bus state,S,Inverting,9
278,50619,1635950614,VE.Bus System,288,40,VE.Bus state,S,Inverting,9
279,50684,1635951361,VE.Bus System,0,40,VE.Bus state,S,Inverting,9
280,50684,1635951361,VE.Bus System,288,40,VE.Bus state,S,Inverting,9
281,50693,1635951390,VE.Bus System,261,40,VE.Bus state,S,Inverting,9
282,50693,1577983825,VE.Bus System,288,40,VE.Bus state,S,Inverting,9
283,50809,1635951403,VE.Bus System,261,40,VE.Bus state,S,Absorption,4
284,50810,1635951394,VE.Bus System,0,40,VE.Bus state,S,Float,5
285,50850,1635950618,VE.Bus System,261,40,VE.Bus state,S,Inverting,9
286,50850,1635950618,VE.Bus System,288,40,VE.Bus state,S,Inverting,9
287,50979,1635951375,VE.Bus System,0,40,VE.Bus state,S,Absorption,4
288,50979,1635951375,VE.Bus System,288,40,VE.Bus state,S,Inverting,9
289,51324,1635951353,VE.Bus System,0,40,VE.Bus state,S,Inverting,9
290,51324,1631095196,VE.Bus System,288,40,VE.Bus state,S,Inverting,9
291,51838,1635951386,VE.Bus System,0,40,VE.Bus state,S,Bulk,3
292,51838,1632054901,VE.Bus System,288,40,VE.Bus state,S,Inverting,9
293,53758,1635937300,VE.Bus System,0,40,VE.Bus state,S,Storage,6
294,53758,1632933508,VE.Bus System,288,40,VE.Bus state,S,Inverting,9
295,56048,1635951367,VE.Bus System,0,40,VE.Bus state,S,Inverting,9
296,56048,1635084005,VE.Bus System,288,40,VE.Bus state,S,Inverting,9
297,56068,1635951389,VE.Bus System,0,40,VE.Bus state,S,Absorption,4
298,56068,1635951389,VE.Bus System,288,40,VE.Bus state,S,Inverting,9
299,56425,1635951402,VE.Bus System,0,40,VE.Bus state,S,Inverting,9
300,56425,1635951402,VE.Bus System,288,40,VE.Bus state,S,Inverting,9
301,56682,1634731854,VE.Bus System,0,40,VE.Bus state,S,Inverting,9
302,56682,1634731854,VE.Bus System,288,40,VE.Bus state,S,Inverting,9
303,57148,1635949298,VE.Bus System,0,40,VE.Bus state,S,Inverting,9
304,57148,1635144619,VE.Bus System,288,40,VE.Bus state,S,Inverting,9
305,58187,1635951371,VE.Bus System,261,40,VE.Bus state,S,Inverting,9
306,58187,1635951371,VE.Bus System,288,40,VE.Bus state,S,Inverting,9
307,59422,1635206058,VE.Bus System,261,40,VE.Bus state,S,Inverting,9
308,59422,1635206058,VE.Bus System,288,40,VE.Bus state,S,Inverting,9
309,59572,1635951369,VE.Bus System,261,40,VE.Bus state,S,Inverting,9
310,59572,1635951369,VE.Bus System,288,40,VE.Bus state,S,Inverting,9
311,59848,1635951384,VE.Bus System,261,40,VE.Bus state,S,Inverting,9
312,59848,1635951384,VE.Bus System,288,40,VE.Bus state,S,Inverting,9
313,60498,1602368983,VE.Bus System,0,40,VE.Bus state,S,Bulk,3
314,60498,1635259906,VE.Bus System,261,40,VE.Bus state,S,Bulk,3
315,60498,1617902880,VE.Bus System,288,40,VE.Bus state,S,Inverting,9
316,61146,1635205954,VE.Bus System,261,40,VE.Bus state,S,Inverting,9
317,61146,1635205954,VE.Bus System,288,40,VE.Bus state,S,Inverting,9
318,61199,1635951371,VE.Bus System,0,40,VE.Bus state,S,Bulk,3
319,61199,1635951371,VE.Bus System,288,40,VE.Bus state,S,Inverting,9
320,61498,1628503759,VE.Bus System,261,40,VE.Bus state,S,Inverting,9
321,61504,1635951364,VE.Bus System,261,40,VE.Bus state,S,Inverting,9
322,61504,1635951364,VE.Bus System,288,40,VE.Bus state,S,Inverting,9
323,61662,1635951281,VE.Bus System,261,40,VE.Bus state,S,Inverting,9
324,61662,1635951281,VE.Bus System,288,40,VE.Bus state,S,Inverting,9
325,61718,1635951392,VE.Bus System,261,40,VE.Bus state,S,Float,5
326,61785,1635951384,VE.Bus System,261,40,VE.Bus state,S,Inverting,9
327,61940,1635951378,VE.Bus System,261,40,VE.Bus state,S,Bulk,3
328,61940,1635951378,VE.Bus System,288,40,VE.Bus state,S,Inverting,9
329,62556,1635950955,VE.Bus System,261,40,VE.Bus state,S,Absorption,4
330,62556,1635019135,VE.Bus System,288,40,VE.Bus state,S,Inverting,9
331,62765,1635951385,VE.Bus System,261,40,VE.Bus state,S,Bulk,3
332,62765,1635951385,VE.Bus System,288,40,VE.Bus state,S,Inverting,9
333,62841,1635951409,VE.Bus System,0,40,VE.Bus state,S,Bulk,3
334,62841,1635951409,VE.Bus System,288,40,VE.Bus state,S,Inverting,9
335,62910,1635343146,VE.Bus System,261,40,VE.Bus state,S,Bulk,3
336,62910,1635343146,VE.Bus System,288,40,VE.Bus state,S,Inverting,9
337,63326,1635951355,VE.Bus System,0,40,VE.Bus state,S,Absorption,4
338,63326,1635951355,VE.Bus System,288,40,VE.Bus state,S,Inverting,9
339,63887,1635951404,VE.Bus System,261,40,VE.Bus state,S,Bulk,3
340,63887,1635951404,VE.Bus System,288,40,VE.Bus state,S,Inverting,9
341,63971,1635951384,VE.Bus System,0,40,VE.Bus state,S,Bulk,3
342,63971,1632419464,VE.Bus System,288,40,VE.Bus state,S,Inverting,9
343,64030,1634373581,VE.Bus System,261,40,VE.Bus state,S,Inverting,9
344,64492,1635951354,VE.Bus System,261,40,VE.Bus state,S,Inverting,9
345,64492,1635951354,VE.Bus System,288,40,VE.Bus state,S,Inverting,9
346,64650,1635951357,VE.Bus System,261,40,VE.Bus state,S,Bulk,3
347,64650,1635951357,VE.Bus System,288,40,VE.Bus state,S,Inverting,9
348,66823,1635951383,VE.Bus System,261,40,VE.Bus state,S,Float,5
349,66823,1635951383,VE.Bus System,288,40,VE.Bus state,S,Inverting,9
350,67503,1635951369,VE.Bus System,261,40,VE.Bus state,S,Inverting,9
351,67643,1635951367,VE.Bus System,261,40,VE.Bus state,S,Inverting,9
352,67643,1635951367,VE.Bus System,288,40,VE.Bus state,S,Inverting,9
353,67999,1635951368,VE.Bus System,261,40,VE.Bus state,S,Inverting,9
354,67999,1635951368,VE.Bus System,288,40,VE.Bus state,S,Inverting,9
355,68068,1635951393,VE.Bus System,261,40,VE.Bus state,S,Storage,6
356,68068,1635951393,VE.Bus System,288,40,VE.Bus state,S,Inverting,9
357,69242,1635951363,VE.Bus System,261,40,VE.Bus state,S,Bulk,3
358,71339,1635951212,VE.Bus System,261,40,VE.Bus state,S,Inverting,9
359,73248,1635951380,VE.Bus System,261,40,VE.Bus state,S,Inverting,9
360,73248,1635951380,VE.Bus System,288,40,VE.Bus state,S,Inverting,9
361,73331,1635951395,VE.Bus System,261,40,VE.Bus state,S,Inverting,9
362,73331,1635951395,VE.Bus System,288,40,VE.Bus state,S,Inverting,9
363,73331,1601214292,VE.Bus System,290,40,VE.Bus state,S,Inverting,9
364,74102,1635423398,VE.Bus System,261,40,VE.Bus state,S,Inverting,9
365,74819,1635951195,VE.Bus System,261,40,VE.Bus state,S,Inverting,9
366,74828,1635205979,VE.Bus System,261,40,VE.Bus state,S,Bulk,3
367,74828,1632818331,VE.Bus System,288,40,VE.Bus state,S,Inverting,9
368,74865,1635951395,VE.Bus System,261,40,VE.Bus state,S,Inverting,9
369,74865,1635928248,VE.Bus System,288,40,VE.Bus state,S,Inverting,9
370,75616,1635951379,VE.Bus System,261,40,VE.Bus state,S,Float,5
371,75616,1634205951,VE.Bus System,288,40,VE.Bus state,S,Inverting,9
372,75616,1635951379,VE.Bus System,289,40,VE.Bus state,S,Inverting,9
373,75740,1635205799,VE.Bus System,261,40,VE.Bus state,S,Inverting,9
374,75740,1635205799,VE.Bus System,288,40,VE.Bus state,S,Inverting,9
375,76564,1635206228,VE.Bus System,261,40,VE.Bus state,S,Inverting,9
376,76564,1635206228,VE.Bus System,288,40,VE.Bus state,S,Inverting,9
377,76564,1603106744,VE.Bus System,292,40,VE.Bus state,S,Inverting,9
378,76564,1603803078,VE.Bus System,293,40,VE.Bus state,S,Inverting,9
379,76564,1603805278,VE.Bus System,294,40,VE.Bus state,S,Inverting,9
380,76842,1603991775,VE.Bus System,261,40,VE.Bus state,S,Inverting,9
381,76842,1603991775,VE.Bus System,288,40,VE.Bus state,S,Inverting,9
382,77064,1635951365,VE.Bus System,261,40,VE.Bus state,S,Inverting,9
383,77064,1635951365,VE.Bus System,288,40,VE.Bus state,S,Inverting,9
384,77157,1635206066,VE.Bus System,261,40,VE.Bus state,S,Inverting,9
385,77157,1612607755,VE.Bus System,288,40,VE.Bus state,S,Inverting,9
386,77157,1635206066,VE.Bus System,290,40,VE.Bus state,S,Inverting,9
387,77462,1635206121,VE.Bus System,261,40,VE.Bus state,S,Inverting,9
388,77462,1635206121,VE.Bus System,288,40,VE.Bus state,S,Inverting,9
389,77749,1635951386,VE.Bus System,261,40,VE.Bus state,S,Inverting,9
390,77749,1630464732,VE.Bus System,288,40,VE.Bus state,S,Inverting,9
391,77751,1635951291,VE.Bus System,261,40,VE.Bus state,S,Inverting,9
392,77751,1635951291,VE.Bus System,288,40,VE.Bus state,S,Inverting,9
393,77751,1605235345,VE.Bus System,289,40,VE.Bus state,S,Inverting,9
394,77845,1635950647,VE.Bus System,261,40,VE.Bus state,S,Inverting,9
395,77845,1635950647,VE.Bus System,288,40,VE.Bus state,S,Inverting,9
396,77921,1635322798,VE.Bus System,261,40,VE.Bus state,S,Inverting,9
397,77921,1635322798,VE.Bus System,288,40,VE.Bus state,S,Inverting,9
398,77921,1605365741,VE.Bus System,289,40,VE.Bus state,S,Inverting,9
399,77924,1635951272,VE.Bus System,261,40,VE.Bus state,S,Inverting,9
400,77924,1635951272,VE.Bus System,288,40,VE.Bus state,S,Inverting,9
401,78552,1635206109,VE.Bus System,261,40,VE.Bus state,S,Float,5
402,78552,1635206109,VE.Bus System,288,40,VE.Bus state,S,Inverting,9
403,78862,1635951301,VE.Bus System,261,40,VE.Bus state,S,Storage,6
404,78862,1635951301,VE.Bus System,288,40,VE.Bus state,S,Inverting,9
405,78885,1635951345,VE.Bus System,261,40,VE.Bus state,S,Inverting,9
406,78885,1635951345,VE.Bus System,288,40,VE.Bus state,S,Inverting,9
407,79153,1635206127,VE.Bus System,261,40,VE.Bus state,S,Inverting,9
408,79153,1635206127,VE.Bus System,289,40,VE.Bus state,S,Inverting,9
409,79306,1635951407,VE.Bus System,261,40,VE.Bus state,S,Fault,2
410,79306,1635951407,VE.Bus System,288,40,VE.Bus state,S,Inverting,9
411,79363,1635310162,VE.Bus System,261,40,VE.Bus state,S,Bulk,3
412,79363,1635310162,VE.Bus System,288,40,VE.Bus state,S,Inverting,9
413,79378,1635951394,VE.Bus System,261,40,VE.Bus state,S,Inverting,9
414,79378,1635951394,VE.Bus System,288,40,VE.Bus state,S,Inverting,9
415,79392,1635951407,VE.Bus System,261,40,VE.Bus state,S,Inverting,9
416,79392,1635951407,VE.Bus System,288,40,VE.Bus state,S,Inverting,9
417,79421,1635951388,VE.Bus System,261,40,VE.Bus state,S,Inverting,9
418,79421,1635951388,VE.Bus System,288,40,VE.Bus state,S,Inverting,9
419,79421,1606143854,VE.Bus System,290,40,VE.Bus state,S,Inverting,9
420,86831,1635205833,VE.Bus System,261,40,VE.Bus state,S,Inverting,9
421,86831,1635205833,VE.Bus System,288,40,VE.Bus state,S,Inverting,9
422,87325,1635951400,VE.Bus System,261,40,VE.Bus state,S,Bulk,3
423,87325,1635951400,VE.Bus System,288,40,VE.Bus state,S,Inverting,9
424,87407,1635950771,VE.Bus System,261,40,VE.Bus state,S,Inverting,9
425,87407,1635950771,VE.Bus System,288,40,VE.Bus state,S,Inverting,9
426,87546,1635950988,VE.Bus System,261,40,VE.Bus state,S,Inverting,9
427,87546,1607184623,VE.Bus System,288,40,VE.Bus state,S,Inverting,9
428,87546,1618316347,VE.Bus System,289,40,VE.Bus state,S,Inverting,9
429,87811,1635951356,VE.Bus System,261,40,VE.Bus state,S,Inverting,9
430,87811,1635951356,VE.Bus System,288,40,VE.Bus state,S,Inverting,9
431,89425,1635951401,VE.Bus System,261,40,VE.Bus state,S,Inverting,9
432,89425,1635951401,VE.Bus System,288,40,VE.Bus state,S,Inverting,9
433,90403,1635206035,VE.Bus System,261,40,VE.Bus state,S,Inverting,9
434,90403,1635206035,VE.Bus System,288,40,VE.Bus state,S,Inverting,9
435,90491,1609170478,VE.Bus System,261,40,VE.Bus state,S,Inverting,9
436,90491,1609170478,VE.Bus System,288,40,VE.Bus state,S,Inverting,9
437,90724,1635205487,VE.Bus System,261,40,VE.Bus state,S,Inverting,9
438,90724,1635205487,VE.Bus System,288,40,VE.Bus state,S,Inverting,9
439,91323,1635206058,VE.Bus System,261,40,VE.Bus state,S,Inverting,9
440,91323,1635206058,VE.Bus System,288,40,VE.Bus state,S,Inverting,9
441,92024,1635951350,VE.Bus System,261,40,VE.Bus state,S,Inverting,9
442,92024,1635951350,VE.Bus System,288,40,VE.Bus state,S,Inverting,9
443,92024,1610982700,VE.Bus System,289,40,VE.Bus state,S,Inverting,9
444,92029,1635927532,VE.Bus System,261,40,VE.Bus state,S,Float,5
445,92029,1635927532,VE.Bus System,288,40,VE.Bus state,S,Inverting,9
446,92069,1635951395,VE.Bus System,261,40,VE.Bus state,S,Inverting,9
447,92069,1635951395,VE.Bus System,288,40,VE.Bus state,S,Inverting,9
448,92758,1635951240,VE.Bus System,261,40,VE.Bus state,S,Inverting,9
449,92758,1635951240,VE.Bus System,288,40,VE.Bus state,S,Inverting,9
450,92828,1635951190,VE.Bus System,261,40,VE.Bus state,S,Inverting,9
451,92828,1635951190,VE.Bus System,288,40,VE.Bus state,S,Inverting,9
452,92884,1635951402,VE.Bus System,261,40,VE.Bus state,S,Float,5
453,92884,1635951402,VE.Bus System,288,40,VE.Bus state,S,Inverting,9
454,92890,1635951351,VE.Bus System,261,40,VE.Bus state,S,Inverting,9
455,92890,1635951351,VE.Bus System,288,40,VE.Bus state,S,Inverting,9
456,93171,1635951410,VE.Bus System,261,40,VE.Bus state,S,Inverting,9
457,93171,1635951410,VE.Bus System,288,40,VE.Bus state,S,Inverting,9
458,93362,1635951397,VE.Bus System,261,40,VE.Bus state,S,Inverting,9
459,93362,1635951397,VE.Bus System,288,40,VE.Bus state,S,Inverting,9
460,93362,1611799351,VE.Bus System,289,40,VE.Bus state,S,Inverting,9
461,93724,1635951393,VE.Bus System,261,40,VE.Bus state,S,Inverting,9
462,93724,1635951393,VE.Bus System,288,40,VE.Bus state,S,Inverting,9
463,93814,1633497107,VE.Bus System,261,40,VE.Bus state,S,Inverting,9
464,93814,1633497107,VE.Bus System,288,40,VE.Bus state,S,Inverting,9
465,94027,1635951025,VE.Bus System,261,40,VE.Bus state,S,Inverting,9
466,94027,1635951025,VE.Bus System,289,40,VE.Bus state,S,Inverting,9
467,94117,1635951364,VE.Bus System,261,40,VE.Bus state,S,Inverting,9
468,94117,1635951364,VE.Bus System,288,40,VE.Bus state,S,Inverting,9
469,94275,1635950696,VE.Bus System,261,40,VE.Bus state,S,Bulk,3
470,94275,1635950696,VE.Bus System,288,40,VE.Bus state,S,Inverting,9
471,94297,1625073721,VE.Bus System,261,40,VE.Bus state,S,Inverting,9
472,94297,1635951380,VE.Bus System,288,40,VE.Bus state,S,Inverting,9
473,96388,1635951018,VE.Bus System,261,40,VE.Bus state,S,Inverting,9
474,96388,1635951018,VE.Bus System,289,40,VE.Bus state,S,Inverting,9
475,96393,1635951370,VE.Bus System,261,40,VE.Bus state,S,Inverting,9
476,96393,1635951370,VE.Bus System,288,40,VE.Bus state,S,Inverting,9
477,96453,1635205863,VE.Bus System,261,40,VE.Bus state,S,Inverting,9
478,96453,1635205863,VE.Bus System,288,40,VE.Bus state,S,Inverting,9
479,97075,1635951394,VE.Bus System,261,40,VE.Bus state,S,Inverting,9
480,97075,1635951394,VE.Bus System,288,40,VE.Bus state,S,Inverting,9
481,97319,1635205913,VE.Bus System,261,40,VE.Bus state,S,Inverting,9
482,97319,1635205913,VE.Bus System,288,40,VE.Bus state,S,Inverting,9
483,97384,1635951410,VE.Bus System,261,40,VE.Bus state,S,Bulk,3
484,97384,1635951410,VE.Bus System,288,40,VE.Bus state,S,Inverting,9
485,97448,1635950918,VE.Bus System,261,40,VE.Bus state,S,Inverting,9
486,97501,1635807647,VE.Bus System,261,40,VE.Bus state,S,Inverting,9
487,97501,1635807647,VE.Bus System,288,40,VE.Bus state,S,Inverting,9
488,97608,1635951378,VE.Bus System,261,40,VE.Bus state,S,Inverting,9
489,97608,1635951378,VE.Bus System,288,40,VE.Bus state,S,Inverting,9
490,97934,1635951379,VE.Bus System,261,40,VE.Bus state,S,Inverting,9
491,97934,1616334144,VE.Bus System,288,40,VE.Bus state,S,Inverting,9
492,98094,1635951366,VE.Bus System,261,40,VE.Bus state,S,Inverting,9
493,98094,1635951366,VE.Bus System,288,40,VE.Bus state,S,Inverting,9
494,98211,1635951362,VE.Bus System,261,40,VE.Bus state,S,Bulk,3
495,98211,1635951362,VE.Bus System,288,40,VE.Bus state,S,Inverting,9
496,98253,1635951404,VE.Bus System,261,40,VE.Bus state,S,Inverting,9
497,98253,1635951404,VE.Bus System,288,40,VE.Bus state,S,Inverting,9
498,98472,1635951107,VE.Bus System,261,40,VE.Bus state,S,Absorption,4
499,98472,1635951107,VE.Bus System,288,40,VE.Bus state,S,Inverting,9
500,98472,1615278803,VE.Bus System,289,40,VE.Bus state,S,Inverting,9
501,98502,1635951386,VE.Bus System,261,40,VE.Bus state,S,Inverting,9
502,98502,1635951386,VE.Bus System,288,40,VE.Bus state,S,Inverting,9
503,99068,1635951390,VE.Bus System,261,40,VE.Bus state,S,Bulk,3
504,99068,1615816326,VE.Bus System,288,40,VE.Bus state,S,Inverting,9
505,99068,1635951390,VE.Bus System,289,40,VE.Bus state,S,Inverting,9
506,99148,1635205697,VE.Bus System,261,40,VE.Bus state,S,Inverting,9
507,99148,1635205697,VE.Bus System,288,40,VE.Bus state,S,Inverting,9
508,99216,1635951391,VE.Bus System,261,40,VE.Bus state,S,Inverting,9
509,99216,1617116559,VE.Bus System,288,40,VE.Bus state,S,Inverting,9
510,99216,1635951391,VE.Bus System,289,40,VE.Bus state,S,Inverting,9
511,99283,1635951412,VE.Bus System,261,40,VE.Bus state,S,Inverting,9
512,99283,1615718592,VE.Bus System,288,40,VE.Bus state,S,Inverting,9
513,99283,1635951412,VE.Bus System,289,40,VE.Bus state,S,Inverting,9
514,99311,1628565035,VE.Bus System,261,40,VE.Bus state,S,Inverting,9
515,99311,1622199955,VE.Bus System,288,40,VE.Bus state,S,Inverting,9
516,99405,1635951376,VE.Bus System,261,40,VE.Bus state,S,Inverting,9
517,99405,1635951376,VE.Bus System,288,40,VE.Bus state,S,Inverting,9
518,99405,1615811819,VE.Bus System,289,40,VE.Bus state,S,Inverting,9
519,99482,1626221480,VE.Bus System,0,40,VE.Bus state,S,Inverting,9
520,99488,1634799716,VE.Bus System,261,40,VE.Bus state,S,Bulk,3
521,99488,1634799716,VE.Bus System,288,40,VE.Bus state,S,Inverting,9
522,99648,1635951399,VE.Bus System,261,40,VE.Bus state,S,Bulk,3
523,99648,1635951399,VE.Bus System,288,40,VE.Bus state,S,Inverting,9
524,99897,1635951341,VE.Bus System,261,40,VE.Bus state,S,Bulk,3
525,99897,1635951341,VE.Bus System,288,40,VE.Bus state,S,Inverting,9
526,99945,1634808292,VE.Bus System,261,40,VE.Bus state,S,Inverting,9
527,99945,1634808292,VE.Bus System,288,40,VE.Bus state,S,Inverting,9
528,99945,1616060683,VE.Bus System,289,40,VE.Bus state,S,Inverting,9
529,100149,1635951409,VE.Bus System,261,40,VE.Bus state,S,Bulk,3
530,100149,1635951409,VE.Bus System,288,40,VE.Bus state,S,Inverting,9
531,100253,1635951308,VE.Bus System,261,40,VE.Bus state,S,Bulk,3
532,100253,1635951308,VE.Bus System,288,40,VE.Bus state,S,Inverting,9
533,100346,1635951361,VE.Bus System,261,40,VE.Bus state,S,Bulk,3
534,100346,1635951361,VE.Bus System,288,40,VE.Bus state,S,Inverting,9
535,100357,1616413242,VE.Bus System,261,40,VE.Bus state,S,Inverting,9
536,100357,1616413242,VE.Bus System,288,40,VE.Bus state,S,Inverting,9
537,100357,1616244547,VE.Bus System,289,40,VE.Bus state,S,Inverting,9
538,100362,1635951383,VE.Bus System,261,40,VE.Bus state,S,Inverting,9
539,100362,1635951383,VE.Bus System,288,40,VE.Bus state,S,Inverting,9
540,100446,1635951407,VE.Bus System,261,40,VE.Bus state,S,Inverting,9
541,100446,1635951407,VE.Bus System,288,40,VE.Bus state,S,Inverting,9
542,100565,1635951403,VE.Bus System,261,40,VE.Bus state,S,Bulk,3
543,100565,1635951403,VE.Bus System,288,40,VE.Bus state,S,Inverting,9
544,100570,1617110967,VE.Bus System,261,40,VE.Bus state,S,Inverting,9
545,100570,1617110967,VE.Bus System,288,40,VE.Bus state,S,Inverting,9
546,100907,1635951372,VE.Bus System,261,40,VE.Bus state,S,Inverting,9
547,100907,1635951372,VE.Bus System,288,40,VE.Bus state,S,Inverting,9
548,101036,1635951399,VE.Bus System,261,40,VE.Bus state,S,Inverting,9
549,101036,1635951399,VE.Bus System,288,40,VE.Bus state,S,Inverting,9
550,101144,1635950876,VE.Bus System,261,40,VE.Bus state,S,Bulk,3
551,101144,1635950876,VE.Bus System,288,40,VE.Bus state,S,Inverting,9
552,101146,1635951379,VE.Bus System,261,40,VE.Bus state,S,Inverting,9
553,101146,1635951379,VE.Bus System,288,40,VE.Bus state,S,Inverting,9
554,101858,1617295777,VE.Bus System,261,40,VE.Bus state,S,Inverting,9
555,101858,1617201445,VE.Bus System,288,40,VE.Bus state,S,Inverting,9
556,102443,1635205576,VE.Bus System,261,40,VE.Bus state,S,Absorption,4
557,102443,1635205576,VE.Bus System,288,40,VE.Bus state,S,Inverting,9
558,102703,1635951358,VE.Bus System,261,40,VE.Bus state,S,Absorption,4
559,102703,1635951358,VE.Bus System,288,40,VE.Bus state,S,Inverting,9
560,102715,1635951108,VE.Bus System,261,40,VE.Bus state,S,Inverting,9
561,102715,1635951108,VE.Bus System,288,40,VE.Bus state,S,Inverting,9
562,102947,1635951410,VE.Bus System,261,40,VE.Bus state,S,Inverting,9
563,102947,1635951410,VE.Bus System,288,40,VE.Bus state,S,Inverting,9
564,103488,1635951323,VE.Bus System,261,40,VE.Bus state,S,Bulk,3
565,103488,1635951323,VE.Bus System,288,40,VE.Bus state,S,Inverting,9
566,103521,1635951370,VE.Bus System,261,40,VE.Bus state,S,Inverting,9
567,103521,1635951370,VE.Bus System,288,40,VE.Bus state,S,Inverting,9
568,103847,1635951267,VE.Bus System,261,40,VE.Bus state,S,Inverting,9
569,103847,1635951267,VE.Bus System,288,40,VE.Bus state,S,Inverting,9
570,105893,1635951395,VE.Bus System,261,40,VE.Bus state,S,Absorption,4
571,105893,1635951395,VE.Bus System,288,40,VE.Bus state,S,Inverting,9
572,106070,1635950541,VE.Bus System,261,40,VE.Bus state,S,Inverting,9
573,106070,1635950541,VE.Bus System,288,40,VE.Bus state,S,Inverting,9
574,106242,1634751440,VE.Bus System,261,40,VE.Bus state,S,Bulk,3
575,106242,1634751440,VE.Bus System,288,40,VE.Bus state,S,Inverting,9
576,106763,1635951358,VE.Bus System,261,40,VE.Bus state,S,Inverting,9
577,106763,1635951358,VE.Bus System,288,40,VE.Bus state,S,Inverting,9
578,107804,1635951412,VE.Bus System,261,40,VE.Bus state,S,Bulk,3
579,107804,1635951412,VE.Bus System,288,40,VE.Bus state,S,Inverting,9
580,108140,1623407962,VE.Bus System,261,40,VE.Bus state,S,Inverting,9
581,108140,1623407962,VE.Bus System,288,40,VE.Bus state,S,Inverting,9
582,108465,1635951412,VE.Bus System,261,40,VE.Bus state,S,Inverting,9
583,108465,1635951412,VE.Bus System,288,40,VE.Bus state,S,Inverting,9
584,108660,1635943002,VE.Bus System,261,40,VE.Bus state,S,Inverting,9
585,108660,1635943002,VE.Bus System,288,40,VE.Bus state,S,Inverting,9
586,108742,1635951378,VE.Bus System,261,40,VE.Bus state,S,Inverting,9
587,108742,1635951378,VE.Bus System,288,40,VE.Bus state,S,Inverting,9
588,108742,1621103076,VE.Bus System,289,40,VE.Bus state,S,Inverting,9
589,108786,1635951376,VE.Bus System,0,40,VE.Bus state,S,Bulk,3
590,108786,1635951376,VE.Bus System,288,40,VE.Bus state,S,Inverting,9
591,108967,1626014176,VE.Bus System,261,40,VE.Bus state,S,Inverting,9
592,108967,1621841808,VE.Bus System,288,40,VE.Bus state,S,Inverting,9
593,108967,1626014176,VE.Bus System,289,40,VE.Bus state,S,Inverting,9
594,109874,1635951406,VE.Bus System,261,40,VE.Bus state,S,Bulk,3
595,109874,1635951406,VE.Bus System,288,40,VE.Bus state,S,Inverting,9
596,110362,1635950989,VE.Bus System,261,40,VE.Bus state,S,Inverting,9
597,110362,1635950989,VE.Bus System,288,40,VE.Bus state,S,Inverting,9
598,110362,1622036505,VE.Bus System,289,40,VE.Bus state,S,Inverting,9
599,112002,1635951326,VE.Bus System,261,40,VE.Bus state,S,Inverting,9
600,112002,1635951326,VE.Bus System,288,40,VE.Bus state,S,Inverting,9
601,112017,1635431953,VE.Bus System,261,40,VE.Bus state,S,Inverting,9
602,112017,1635431953,VE.Bus System,288,40,VE.Bus state,S,Inverting,9
603,112049,1635951408,VE.Bus System,261,40,VE.Bus state,S,Inverting,9
604,112049,1635951408,VE.Bus System,288,40,VE.Bus state,S,Inverting,9
605,112811,1635819708,VE.Bus System,261,40,VE.Bus state,S,Inverting,9
606,112811,1635819708,VE.Bus System,288,40,VE.Bus state,S,Inverting,9
607,113823,1635951371,VE.Bus System,261,40,VE.Bus state,S,Bulk,3
608,113823,1635951371,VE.Bus System,288,40,VE.Bus state,S,Inverting,9
609,114388,1635950814,VE.Bus System,261,40,VE.Bus state,S,Inverting,9
610,114388,1635950814,VE.Bus System,288,40,VE.Bus state,S,Inverting,9
611,114389,1635950967,VE.Bus System,261,40,VE.Bus state,S,Inverting,9
612,114389,1635950967,VE.Bus System,288,40,VE.Bus state,S,Inverting,9
613,114389,1635950967,VE.Bus System,289,40,VE.Bus state,S,Inverting,9
614,114407,1635951368,VE.Bus System,261,40,VE.Bus state,S,Inverting,9
615,114407,1635951368,VE.Bus System,288,40,VE.Bus state,S,Inverting,9
616,114435,1635951357,VE.Bus System,261,40,VE.Bus state,S,Inverting,9
617,114435,1635951357,VE.Bus System,288,40,VE.Bus state,S,Inverting,9
618,115550,1635950586,VE.Bus System,261,40,VE.Bus state,S,Float,5
619,115550,1635950586,VE.Bus System,288,40,VE.Bus state,S,Inverting,9
620,116588,1635951089,VE.Bus System,261,40,VE.Bus state,S,Inverting,9
621,116588,1635951089,VE.Bus System,288,40,VE.Bus state,S,Inverting,9
622,116588,1634205634,VE.Bus System,289,40,VE.Bus state,S,Inverting,9
623,116713,1635950616,VE.Bus System,261,40,VE.Bus state,S,Float,5
624,116713,1635950616,VE.Bus System,288,40,VE.Bus state,S,Inverting,9
625,116994,1635951406,VE.Bus System,261,40,VE.Bus state,S,Inverting,9
626,116994,1635951406,VE.Bus System,288,40,VE.Bus state,S,Inverting,9
627,116994,1625485337,VE.Bus System,289,40,VE.Bus state,S,Inverting,9
628,117886,1635951409,VE.Bus System,261,40,VE.Bus state,S,Bulk,3
629,117886,1635951409,VE.Bus System,288,40,VE.Bus state,S,Inverting,9
630,117886,1625592134,VE.Bus System,289,40,VE.Bus state,S,Inverting,9
631,118000,1635951388,VE.Bus System,261,40,VE.Bus state,S,Inverting,9
632,118000,1635951388,VE.Bus System,288,40,VE.Bus state,S,Inverting,9
633,118000,1626003952,VE.Bus System,289,40,VE.Bus state,S,Inverting,9
634,119218,1635951005,VE.Bus System,261,40,VE.Bus state,S,Inverting,9
635,119218,1635951005,VE.Bus System,288,40,VE.Bus state,S,Inverting,9
636,120340,1635951088,VE.Bus System,261,40,VE.Bus state,S,Inverting,9
637,120340,1635951088,VE.Bus System,288,40,VE.Bus state,S,Inverting,9
638,120341,1635951081,VE.Bus System,261,40,VE.Bus state,S,Inverting,9
639,120341,1635951081,VE.Bus System,288,40,VE.Bus state,S,Inverting,9
640,120436,1635951389,VE.Bus System,261,40,VE.Bus state,S,Bulk,3
641,120436,1635951389,VE.Bus System,288,40,VE.Bus state,S,Inverting,9
642,120443,1635951408,VE.Bus System,261,40,VE.Bus state,S,Inverting,9
643,120443,1635951408,VE.Bus System,288,40,VE.Bus state,S,Inverting,9
644,121501,1635205895,VE.Bus System,261,40,VE.Bus state,S,Inverting,9
645,121501,1635205895,VE.Bus System,288,40,VE.Bus state,S,Inverting,9
646,123088,1635951347,VE.Bus System,261,40,VE.Bus state,S,Absorption,4
647,124438,1629629440,VE.Bus System,261,40,VE.Bus state,S,Inverting,9
648,124438,1629629440,VE.Bus System,288,40,VE.Bus state,S,Inverting,9
649,124479,1634908053,VE.Bus System,261,40,VE.Bus state,S,Inverting,9
650,124479,1634908053,VE.Bus System,288,40,VE.Bus state,S,Inverting,9
651,125522,1635951354,VE.Bus System,261,40,VE.Bus state,S,Storage,6
652,125522,1635951354,VE.Bus System,288,40,VE.Bus state,S,Inverting,9
653,126483,1635951037,VE.Bus System,261,40,VE.Bus state,S,Inverting,9
654,126483,1633197606,VE.Bus System,288,40,VE.Bus state,S,Inverting,9
655,127354,1635951302,VE.Bus System,261,40,VE.Bus state,S,Absorption,4
656,127354,1635951302,VE.Bus System,288,40,VE.Bus state,S,Inverting,9
657,127661,1635951359,VE.Bus System,261,40,VE.Bus state,S,Bulk,3
658,127734,1635951408,VE.Bus System,261,40,VE.Bus state,S,Inverting,9
659,127734,1635951408,VE.Bus System,288,40,VE.Bus state,S,Inverting,9
660,129265,1633074375,VE.Bus System,261,40,VE.Bus state,S,Inverting,9
661,129265,1633074375,VE.Bus System,288,40,VE.Bus state,S,Inverting,9
662,129898,1632765289,VE.Bus System,261,40,VE.Bus state,S,Bulk,3
663,129898,1632765289,VE.Bus System,288,40,VE.Bus state,S,Inverting,9
664,129913,1632850761,VE.Bus System,261,40,VE.Bus state,S,Inverting,9
665,129913,1632850761,VE.Bus System,288,40,VE.Bus state,S,Inverting,9
666,129933,1635859141,VE.Bus System,261,40,VE.Bus state,S,Inverting,9
667,129933,1635859141,VE.Bus System,288,40,VE.Bus state,S,Inverting,9
668,130051,1635950690,VE.Bus System,261,40,VE.Bus state,S,Inverting,9
669,130051,1635950690,VE.Bus System,288,40,VE.Bus state,S,Inverting,9
670,130128,1635951377,VE.Bus System,261,40,VE.Bus state,S,Bulk,3
671,130128,1635951377,VE.Bus System,288,40,VE.Bus state,S,Inverting,9
672,130450,1635951412,VE.Bus System,261,40,VE.Bus state,S,Bulk,3
673,130450,1635951412,VE.Bus System,288,40,VE.Bus state,S,Inverting,9
674,132095,1635951411,VE.Bus System,261,40,VE.Bus state,S,Inverting,9
675,132095,1635951411,VE.Bus System,288,40,VE.Bus state,S,Inverting,9
676,134655,1635081022,VE.Bus System,261,40,VE.Bus state,S,Inverting,9
677,134655,1635081022,VE.Bus System,288,40,VE.Bus state,S,Inverting,9
678,135719,1635773905,VE.Bus System,261,40,VE.Bus state,S,Inverting,9
679,135719,1635773905,VE.Bus System,288,40,VE.Bus state,S,Inverting,9
680,136071,1635950968,VE.Bus System,261,40,VE.Bus state,S,Inverting,9
681,136071,1635950968,VE.Bus System,288,40,VE.Bus state,S,Inverting,9
